"titel";"titel_key";"online_tijdsaspect";"categorie";"externe_id";"datum";"adres";"postcode";"omschrijving";"locatie";"website";"plaats";"textafbeelding";"email";"telefoonnummer";"custom_color";"custom_icon";"custom_extra_title";"iconen_id";"date_created";"date_modified";"datum_eind";"type";"instelling";"straat";"huisnummer";"postcode_2";"plaats_2";"telefoonnummer_2";"fax";"internet";"e-mail"
"10 voor Toekomst";"10_voor_toekomst";"1";"246";"";"0000-00-00 00:00:00";"Hilversumstraat 338";"1024MD";"";"POINT(4.95639615135924 52.3894453789521)";"";"AMSTERDAM";"";"";"";"";"";"";"0";"2016-04-22 16:57:00";"2016-04-22 16:57:00";"0000-00-00 00:00:00";"Jeugdhulpverlening";"10 voor Toekomst";"Hilversumstraat";"338";"1024MD";"AMSTERDAM";"020 435 3231";"";"http://www.legerdesheils.nl/goodwillcentra-amsterdam/";""
"Advies- en Klachtenburo Jeugdzorg (AKJ)";"advies_en_klachtenburo_jeugdzorg_akj";"1";"246";"";"0000-00-00 00:00:00";"IJsbaanpad 9";"1076CV";"";"POINT(4.85453135155933 52.3409016695738)";"";"Amsterdam";"";"";"";"";"";"";"0";"2016-04-22 16:57:00";"2016-04-22 16:57:00";"0000-00-00 00:00:00";"Jeugdhulpverlening";"Advies- en Klachtenburo Jeugdzorg (AKJ)";"IJsbaanpad";"9";"1076CV";"Amsterdam";"088 555 1000";"";"http://www.akj.nl";""
"ALLES KIDS?! praktijk voor kinderen en jongeren, coaching | therapie | training";"alles_kids_praktijk_voor_kinderen_en_jongeren_coaching_therapie_training";"1";"246";"";"0000-00-00 00:00:00";"Molukkenstraat 200";"1098TW";"";"POINT(4.94049984171686 52.3575431409393)";"";"Amsterdam";"";"";"";"";"";"";"0";"2016-04-22 16:57:00";"2016-04-22 16:57:00";"0000-00-00 00:00:00";"Jeugdhulpverlening";"ALLES KIDS?! praktijk voor kinderen en jongeren, coaching | therapie | training";"Molukkenstraat";"200";"1098TW";"Amsterdam";"06 3407 0993";"";"http://www.praktijkalleskids.nl";"info@praktijkalleskids.nl"
"Altra Jeugd & Opvoedhulp";"altra_jeugd_opvoedhulp_1";"1";"246";"";"0000-00-00 00:00:00";"Baarsjesweg 224";"1058AA";"";"POINT(4.85828389454875 52.3634058940364)";"";"Amsterdam";"";"";"";"";"";"";"0";"2016-04-22 16:57:01";"2016-04-22 16:57:01";"0000-00-00 00:00:00";"Jeugdhulpverlening";"Altra Jeugd & Opvoedhulp";"Baarsjesweg";"224";"1058AA";"Amsterdam";"06 1175 9999";"";"http://www.altra.nl/";"aanmeldpunt@altra.nl"
"Altra Jeugd & Opvoedhulp";"altra_jeugd_opvoedhulp_2";"1";"246";"";"0000-00-00 00:00:00";"Hofgeest 341";"1102ER";"";"POINT(4.95420750871907 52.3111903519439)";"";"Amsterdam";"";"";"";"";"";"";"0";"2016-04-22 16:57:01";"2016-04-22 16:57:01";"0000-00-00 00:00:00";"Jeugdhulpverlening";"Altra Jeugd & Opvoedhulp";"Hofgeest";"341";"1102ER";"Amsterdam";"06 1175 9999";"";"http://www.altra.nl/";"aanmeldpunt@altra.nl"
"Altra Jeugd & Opvoedhulp";"altra_jeugd_opvoedhulp_3";"1";"246";"";"0000-00-00 00:00:00";"Konijnenstraat 7";"1016SL";"";"POINT(4.88177411728941 52.3711390903422)";"";"Amsterdam";"";"";"";"";"";"";"0";"2016-04-22 16:57:01";"2016-04-22 16:57:01";"0000-00-00 00:00:00";"Jeugdhulpverlening";"Altra Jeugd & Opvoedhulp";"Konijnenstraat";"7";"1016SL";"Amsterdam";"06 1175 9999";"";"http://www.altra.nl/";"aanmeldpunt@altra.nl"
"Altra Jeugd & Opvoedhulp";"altra_jeugd_opvoedhulp_4";"1";"246";"";"0000-00-00 00:00:00";"Paradijsplein 2";"1093NJ";"";"POINT(4.93198566646566 52.3575556457396)";"";"Amsterdam";"";"";"";"";"";"";"0";"2016-04-22 16:57:01";"2016-04-22 16:57:01";"0000-00-00 00:00:00";"Jeugdhulpverlening";"Altra Jeugd & Opvoedhulp";"Paradijsplein";"2";"1093NJ";"Amsterdam";"06 1175 9999";"";"http://www.altra.nl/";"aanmeldpunt@altra.nl"
"Altra Jeugd & Opvoedhulp";"altra_jeugd_opvoedhulp_5";"1";"246";"";"0000-00-00 00:00:00";"Rode Kruisstraat 35";"1025KM";"";"POINT(4.93149007223425 52.3943762676545)";"";"Amsterdam";"";"";"";"";"";"";"0";"2016-04-22 16:57:01";"2016-04-22 16:57:01";"0000-00-00 00:00:00";"Jeugdhulpverlening";"Altra Jeugd & Opvoedhulp";"Rode Kruisstraat";"35";"1025KM";"Amsterdam";"06 1175 9999";"";"http://www.altra.nl/";"aanmeldpunt@altra.nl"
"Altra Onderwijs";"altra_onderwijs";"1";"246";"";"0000-00-00 00:00:00";"Baarsjesweg 224";"1058AA";"";"POINT(4.85828389454875 52.3634058940364)";"";"Amsterdam";"";"";"";"";"";"";"0";"2016-04-22 16:57:01";"2016-04-22 16:57:01";"0000-00-00 00:00:00";"Jeugdhulpverlening";"Altra Onderwijs";"Baarsjesweg";"224";"1058AA";"Amsterdam";"06 5331 3885";"";"http://www.altra.nl";"info@altra.nl"
"Altra Onderwijs";"altra_onderwijs_1";"1";"246";"";"0000-00-00 00:00:00";"Johan Braakensiekhof 31";"1068KK";"";"POINT(4.81497065093984 52.3522573308916)";"";"Amsterdam";"";"";"";"";"";"";"0";"2016-04-22 16:57:01";"2016-04-22 16:57:01";"0000-00-00 00:00:00";"Jeugdhulpverlening";"Altra Onderwijs";"Johan Braakensiekhof";"31";"1068KK";"Amsterdam";"06 5331 3885";"";"http://www.altra.nl";"info@altra.nl"
"Altra Onderwijs";"altra_onderwijs_2";"1";"246";"";"0000-00-00 00:00:00";"Konijnenstraat 7";"1016SL";"";"POINT(4.88177411728941 52.3711390903422)";"";"Amsterdam";"";"";"";"";"";"";"0";"2016-04-22 16:57:01";"2016-04-22 16:57:01";"0000-00-00 00:00:00";"Jeugdhulpverlening";"Altra Onderwijs";"Konijnenstraat";"7";"1016SL";"Amsterdam";"06 5331 3885";"";"http://www.altra.nl";"info@altra.nl"
"Altra Onderwijs";"altra_onderwijs_3";"1";"246";"";"0000-00-00 00:00:00";"Kortvoort 60";"1104NB";"";"POINT(4.97058948943957 52.3156442002537)";"";"Amsterdam";"";"";"";"";"";"";"0";"2016-04-22 16:57:01";"2016-04-22 16:57:01";"0000-00-00 00:00:00";"Jeugdhulpverlening";"Altra Onderwijs";"Kortvoort";"60";"1104NB";"Amsterdam";"06 5331 3885";"";"http://www.altra.nl";"info@altra.nl"
"Altra Onderwijs";"altra_onderwijs_4";"1";"246";"";"0000-00-00 00:00:00";"Purmerweg 116";"1023BB";"";"POINT(4.94797698354216 52.3896301607576)";"";"Amsterdam";"";"";"";"";"";"";"0";"2016-04-22 16:57:01";"2016-04-22 16:57:01";"0000-00-00 00:00:00";"Jeugdhulpverlening";"Altra Onderwijs";"Purmerweg";"116";"1023BB";"Amsterdam";"06 5331 3885";"";"http://www.altra.nl";"info@altra.nl"
"Altra Onderwijs";"altra_onderwijs_5";"1";"246";"";"0000-00-00 00:00:00";"Tafelbergweg 8";"1105BN";"";"POINT(4.94735803554038 52.2920659981719)";"";"Amsterdam";"";"";"";"";"";"";"0";"2016-04-22 16:57:01";"2016-04-22 16:57:01";"0000-00-00 00:00:00";"Jeugdhulpverlening";"Altra Onderwijs";"Tafelbergweg";"8";"1105BN";"Amsterdam";"06 5331 3885";"";"http://www.altra.nl";"info@altra.nl"
"Altra onderwijs & jeugdhulp (hoofdkantoor)";"altra_onderwijs_jeugdhulp_hoofdkantoor";"1";"246";"";"0000-00-00 00:00:00";"Rode Kruisstraat 35";"1025KM";"";"POINT(4.93149007223425 52.3943762676545)";"";"Amsterdam";"";"";"";"";"";"";"0";"2016-04-22 16:57:02";"2016-04-22 16:57:02";"0000-00-00 00:00:00";"Jeugdhulpverlening";"Altra onderwijs & jeugdhulp (hoofdkantoor)";"Rode Kruisstraat";"35";"1025KM";"Amsterdam";"020 555 8333";"";"http://www.altra.nl";"info@altra.nl"
"Ambulant Team gezinnen HVO-Querido";"ambulant_team_gezinnen_hvo_querido";"1";"246";"";"0000-00-00 00:00:00";"Roggeveenstraat 8";"1013PV";"";"POINT(4.8879084680284 52.3897157254719)";"";"Amsterdam";"";"";"";"";"";"";"0";"2016-04-22 16:57:02";"2016-04-22 16:57:02";"0000-00-00 00:00:00";"Jeugdhulpverlening";"Ambulant Team gezinnen HVO-Querido";"Roggeveenstraat";"8";"1013PV";"Amsterdam";"020 626 3800";"";"http://www.hvoquerido.nl/";""
"Ambulant Team Jongeren HVO-Querido";"ambulant_team_jongeren_hvo_querido";"1";"246";"";"0000-00-00 00:00:00";"Johan Huizingalaan 126";"1065JE";"";"POINT(4.82683380111803 52.3601154834516)";"";"Amsterdam";"";"";"";"";"";"";"0";"2016-04-22 16:57:02";"2016-04-22 16:57:02";"0000-00-00 00:00:00";"Jeugdhulpverlening";"Ambulant Team Jongeren HVO-Querido";"Johan Huizingalaan";"126";"1065JE";"Amsterdam";"020 346 8920";"";"http://www.hvoquerido.nl/";""
"Ambulant Team Jongeren HVO-Querido";"ambulant_team_jongeren_hvo_querido_1";"1";"246";"";"0000-00-00 00:00:00";"Leeuwendalerspad 20";"1055JG";"";"POINT(4.84654527611202 52.3797375158831)";"";"Amsterdam";"";"";"";"";"";"";"0";"2016-04-22 16:57:02";"2016-04-22 16:57:02";"0000-00-00 00:00:00";"Jeugdhulpverlening";"Ambulant Team Jongeren HVO-Querido";"Leeuwendalerspad";"20";"1055JG";"Amsterdam";"020 346 8920";"";"http://www.hvoquerido.nl/";""
"Ambulant Team Jongeren HVO-Querido";"ambulant_team_jongeren_hvo_querido_2";"1";"246";"";"0000-00-00 00:00:00";"Lizzy Ansinghstraat 163";"1072RG";"";"POINT(4.89438427770054 52.3500228188316)";"";"Amsterdam";"";"";"";"";"";"";"0";"2016-04-22 16:57:02";"2016-04-22 16:57:02";"0000-00-00 00:00:00";"Jeugdhulpverlening";"Ambulant Team Jongeren HVO-Querido";"Lizzy Ansinghstraat";"163";"1072RG";"Amsterdam";"020 346 8920";"";"http://www.hvoquerido.nl/";""
"Amsterdams Centrum voor Familietherapie";"amsterdams_centrum_voor_familietherapie";"1";"246";"";"0000-00-00 00:00:00";"WG-plein 121";"1054SC";"";"POINT(4.87087005705096 52.3643063041892)";"";"Amsterdam";"";"";"";"";"";"";"0";"2016-04-22 16:57:02";"2016-04-22 16:57:02";"0000-00-00 00:00:00";"Jeugdhulpverlening";"Amsterdams Centrum voor Familietherapie";"WG-plein";"121";"1054SC";"Amsterdam";"";"";"http://www.centrumfamilietherapie.com/";"acft@me.com"
"Amsterdams Instituut voor Gezins- en Relatietherapie";"amsterdams_instituut_voor_gezins_en_relatietherapie";"1";"246";"";"0000-00-00 00:00:00";"Prinsengracht 993";"1017KM";"";"POINT(4.8936213151035 52.3621474244087)";"";"Amsterdam";"";"";"";"";"";"";"0";"2016-04-22 16:57:02";"2016-04-22 16:57:02";"0000-00-00 00:00:00";"Jeugdhulpverlening";"Amsterdams Instituut voor Gezins- en Relatietherapie";"Prinsengracht";"993";"1017KM";"Amsterdam";"020 612 2065";"020 330 4390";"http://www.aigr.nl";"info@aigr.nl"
"Attie's praktijk, integratieve kindertherapie";"attie_s_praktijk_integratieve_kindertherapie";"1";"246";"";"0000-00-00 00:00:00";"Pracanalaan 70";"1060RC";"";"POINT(4.78028350029646 52.3471502310115)";"";"Amsterdam";"";"";"";"";"";"";"0";"2016-04-22 16:57:02";"2016-04-22 16:57:02";"0000-00-00 00:00:00";"Jeugdhulpverlening";"Attie's praktijk, integratieve kindertherapie";"Pracanalaan";"70";"1060RC";"Amsterdam";"06 5343 8673";"";"http://www.attiespraktijk.nl";"attie@attiespraktijk.nl"
"Balans, afdeling Groot Amsterdam";"balans_afdeling_groot_amsterdam";"1";"246";"";"0000-00-00 00:00:00";"Weltevreden 4";"3731AL";"";"POINT(5.17045597088503 52.1097908462335)";"";"De Bilt";"";"";"";"";"";"";"0";"2016-04-22 16:57:02";"2016-04-22 16:57:02";"0000-00-00 00:00:00";"Jeugdhulpverlening";"Balans, afdeling Groot Amsterdam";"Weltevreden";"4";"3731AL";"De Bilt";"0900 202 0065";"";"http://www.balansdigitaal.nl/data/regios/groot-amsterdam/";"groot.amsterdam@balansregionaal.nl"
"Buro Bloei";"buro_bloei";"1";"246";"";"0000-00-00 00:00:00";"Roemer Visscherstraat 42";"1054EZ";"";"POINT(4.8765126304017 52.361337862629)";"";"Amsterdam";"";"";"";"";"";"";"0";"2016-04-22 16:57:02";"2016-04-22 16:57:02";"0000-00-00 00:00:00";"Jeugdhulpverlening";"Buro Bloei";"Roemer Visscherstraat";"42";"1054EZ";"Amsterdam";"020 337 4478";"";"http://www.buro-bloei.nl";"info@buro-bloei.nl"
"Care Express";"care_express";"1";"246";"";"0000-00-00 00:00:00";"Nassaukade 162";"1053LL";"";"POINT(4.87419882495716 52.3709986581978)";"";"Amsterdam";"";"";"";"";"";"";"0";"2016-04-22 16:57:03";"2016-04-22 16:57:03";"0000-00-00 00:00:00";"Jeugdhulpverlening";"Care Express";"Nassaukade";"162";"1053LL";"Amsterdam";"020 489 6153";"";"http://www.care-express.nl";"amsterdam@care-express.nl"
"Carehouse";"carehouse";"1";"246";"";"0000-00-00 00:00:00";"Maria Austriastraat 640";"1087JC";"";"POINT(4.99871386805544 52.3546836871764)";"";"Amsterdam";"";"";"";"";"";"";"0";"2016-04-22 16:57:03";"2016-04-22 16:57:03";"0000-00-00 00:00:00";"Jeugdhulpverlening";"Carehouse";"Maria Austriastraat";"640";"1087JC";"Amsterdam";"020 682 9556";"";"http://www.carehouse.nl";""
"Centrum GGZ Keizersgracht";"centrum_ggz_keizersgracht";"1";"246";"";"0000-00-00 00:00:00";"Keizersgracht 174";"1016DW";"";"POINT(4.88547107213699 52.3753341002178)";"";"Amsterdam";"";"";"";"";"";"";"0";"2016-04-22 16:57:03";"2016-04-22 16:57:03";"0000-00-00 00:00:00";"Jeugdhulpverlening";"Centrum GGZ Keizersgracht";"Keizersgracht";"174";"1016DW";"Amsterdam";"020 627 3557";"020 622 6257";"http://www.ggzkeizersgracht.nl";"secretariaat@ggzkeizersgracht.nl"
"Communicatie- en sociale weerbaarheidstraining voor kinderen Ziezo";"communicatie_en_sociale_weerbaarheidstraining_voor_kinderen_ziezo";"1";"246";"";"0000-00-00 00:00:00";"Cannenburg 7";"1081GT";"";"POINT(4.86769665096299 52.330633224058)";"";"Amsterdam";"";"";"";"";"";"";"0";"2016-04-22 16:57:03";"2016-04-22 16:57:03";"0000-00-00 00:00:00";"Jeugdhulpverlening";"Communicatie- en sociale weerbaarheidstraining voor kinderen Ziezo";"Cannenburg";"7";"1081GT";"Amsterdam";"020 442 2996";"";"http://www.ziezo-samen.nl";"info@ziezo-samen.nl"
"de Bascule";"de_bascule";"1";"246";"";"0000-00-00 00:00:00";"Rijksstraatweg 145";"1115AP";"";"POINT(4.94007633043121 52.3287913582794)";"";"Duivendrecht";"";"";"";"";"";"";"0";"2016-04-22 16:57:03";"2016-04-22 16:57:03";"0000-00-00 00:00:00";"Jeugdhulpverlening";"de Bascule";"Rijksstraatweg";"145";"1115AP";"Duivendrecht";"020 890 1900";"";"http://www.debascule.com";"info@debascule.com"
"de Bascule Afdeling Emotionele Stoornissen";"de_bascule_afdeling_emotionele_stoornissen";"1";"246";"";"0000-00-00 00:00:00";"Meibergdreef 5";"1105AZ";"";"POINT(4.95463372502532 52.2945195450132)";"";"Amsterdam";"";"";"";"";"";"";"0";"2016-04-22 16:57:03";"2016-04-22 16:57:03";"0000-00-00 00:00:00";"Jeugdhulpverlening";"de Bascule Afdeling Emotionele Stoornissen";"Meibergdreef";"5";"1105AZ";"Amsterdam";"020 890 1000";"";"http://www.debascule.com";"info@debascule.com"
"de Bascule Afdeling Emotionele Stoornissen";"de_bascule_afdeling_emotionele_stoornissen_1";"1";"246";"";"0000-00-00 00:00:00";"Rijksstraatweg 145";"1115AP";"";"POINT(4.94007633043121 52.3287913582794)";"";"Duivendrecht";"";"";"";"";"";"";"0";"2016-04-22 16:57:03";"2016-04-22 16:57:03";"0000-00-00 00:00:00";"Jeugdhulpverlening";"de Bascule Afdeling Emotionele Stoornissen";"Rijksstraatweg";"145";"1115AP";"Duivendrecht";"020 890 1900";"";"http://www.debascule.com";"info@debascule.com"
"de Bascule Autisme en Psychosen";"de_bascule_autisme_en_psychosen";"1";"246";"";"0000-00-00 00:00:00";"Herman Poortstraat 17";"1064BR";"";"POINT(4.83154489194645 52.3766302218582)";"";"Amsterdam";"";"";"";"";"";"";"0";"2016-04-22 16:57:03";"2016-04-22 16:57:03";"0000-00-00 00:00:00";"Jeugdhulpverlening";"de Bascule Autisme en Psychosen";"Herman Poortstraat";"17";"1064BR";"Amsterdam";"020 890 1900";"";"http://www.debascule.com";"info@debascule.com"
"de Bascule Autisme en Psychosen";"de_bascule_autisme_en_psychosen_1";"1";"246";"";"0000-00-00 00:00:00";"Meibergdreef 5";"1105AZ";"";"POINT(4.95463372502532 52.2945195450132)";"";"Amsterdam";"";"";"";"";"";"";"0";"2016-04-22 16:57:03";"2016-04-22 16:57:03";"0000-00-00 00:00:00";"Jeugdhulpverlening";"de Bascule Autisme en Psychosen";"Meibergdreef";"5";"1105AZ";"Amsterdam";"020 890 1000";"";"http://www.debascule.com";"info@debascule.com"
"de Bascule Autisme en Psychosen";"de_bascule_autisme_en_psychosen_2";"1";"246";"";"0000-00-00 00:00:00";"Rijksstraatweg 145";"1115AP";"";"POINT(4.94007633043121 52.3287913582794)";"";"Duivendrecht";"";"";"";"";"";"";"0";"2016-04-22 16:57:03";"2016-04-22 16:57:03";"0000-00-00 00:00:00";"Jeugdhulpverlening";"de Bascule Autisme en Psychosen";"Rijksstraatweg";"145";"1115AP";"Duivendrecht";"020 890 1900";"";"http://www.debascule.com";"info@debascule.com"
"de Bascule Autisme en Psychosen";"de_bascule_autisme_en_psychosen_3";"1";"246";"";"0000-00-00 00:00:00";"Tafelbergweg 23";"1105BC";"";"POINT(4.95390204439614 52.2898791528339)";"";"Amsterdam";"";"";"";"";"";"";"0";"2016-04-22 16:57:03";"2016-04-22 16:57:03";"0000-00-00 00:00:00";"Jeugdhulpverlening";"de Bascule Autisme en Psychosen";"Tafelbergweg";"23";"1105BC";"Amsterdam";"020 890 1900";"";"http://www.debascule.com";"info@debascule.com"
"de Bascule Centrum Complexe Gedragsstoornissen en Forensische Jeugdpsychiatrie";"de_bascule_centrum_complexe_gedragsstoornissen_en_forensische_jeugdpsychiatrie";"1";"246";"";"0000-00-00 00:00:00";"Johan Braakensiekhof 31";"1068KK";"";"POINT(4.81497065093984 52.3522573308916)";"";"Amsterdam";"";"";"";"";"";"";"0";"2016-04-22 16:57:04";"2016-04-22 16:57:04";"0000-00-00 00:00:00";"Jeugdhulpverlening";"de Bascule Centrum Complexe Gedragsstoornissen en Forensische Jeugdpsychiatrie";"Johan Braakensiekhof";"31";"1068KK";"Amsterdam";"020 890 1900";"";"http://www.debascule.com";"info@debascule.com"
"de Bascule Centrum Complexe Gedragsstoornissen en Forensische Jeugdpsychiatrie";"de_bascule_centrum_complexe_gedragsstoornissen_en_forensische_jeugdpsychiatrie_1";"1";"246";"";"0000-00-00 00:00:00";"Meibergdreef 5";"1105AZ";"";"POINT(4.95463372502532 52.2945195450132)";"";"Amsterdam";"";"";"";"";"";"";"0";"2016-04-22 16:57:04";"2016-04-22 16:57:04";"0000-00-00 00:00:00";"Jeugdhulpverlening";"de Bascule Centrum Complexe Gedragsstoornissen en Forensische Jeugdpsychiatrie";"Meibergdreef";"5";"1105AZ";"Amsterdam";"020 890 1900";"";"http://www.debascule.com";"info@debascule.com"
"de Bascule Centrum Complexe Gedragsstoornissen en Forensische Jeugdpsychiatrie";"de_bascule_centrum_complexe_gedragsstoornissen_en_forensische_jeugdpsychiatrie_2";"1";"246";"";"0000-00-00 00:00:00";"Rijksstraatweg 145";"1115AP";"";"POINT(4.94007633043121 52.3287913582794)";"";"Duivendrecht";"";"";"";"";"";"";"0";"2016-04-22 16:57:04";"2016-04-22 16:57:04";"0000-00-00 00:00:00";"Jeugdhulpverlening";"de Bascule Centrum Complexe Gedragsstoornissen en Forensische Jeugdpsychiatrie";"Rijksstraatweg";"145";"1115AP";"Duivendrecht";"020 890 1900";"";"http://www.debascule.com";"info@debascule.com"
"de Bascule Centrum Leren en Ontwikkelen";"de_bascule_centrum_leren_en_ontwikkelen";"1";"246";"";"0000-00-00 00:00:00";"Biesbosch 67";"1115HG";"";"POINT(4.94160143355517 52.3271397232119)";"";"Duivendrecht";"";"";"";"";"";"";"0";"2016-04-22 16:57:04";"2016-04-22 16:57:04";"0000-00-00 00:00:00";"Jeugdhulpverlening";"de Bascule Centrum Leren en Ontwikkelen";"Biesbosch";"67";"1115HG";"Duivendrecht";"020 890 1678";"";"http://www.debascule.com";"info@debascule.com"
"de Bascule Centrum Leren en Ontwikkelen";"de_bascule_centrum_leren_en_ontwikkelen_1";"1";"246";"";"0000-00-00 00:00:00";"Kopjachtplein 21";"1034JG";"";"POINT(4.91643648697934 52.4057650845861)";"";"Amsterdam";"";"";"";"";"";"";"0";"2016-04-22 16:57:04";"2016-04-22 16:57:04";"0000-00-00 00:00:00";"Jeugdhulpverlening";"de Bascule Centrum Leren en Ontwikkelen";"Kopjachtplein";"21";"1034JG";"Amsterdam";"020 890 1678";"";"http://www.debascule.com";"info@debascule.com"
"de Bascule Opnamecentrum";"de_bascule_opnamecentrum";"1";"246";"";"0000-00-00 00:00:00";"Meibergdreef 5";"1105AZ";"";"POINT(4.95463372502532 52.2945195450132)";"";"Amsterdam";"";"";"";"";"";"";"0";"2016-04-22 16:57:04";"2016-04-22 16:57:04";"0000-00-00 00:00:00";"Jeugdhulpverlening";"de Bascule Opnamecentrum";"Meibergdreef";"5";"1105AZ";"Amsterdam";"020 890 1900";"";"http://www.debascule.com";"info@debascule.com"
"de Bascule Opnamecentrum";"de_bascule_opnamecentrum_1";"1";"246";"";"0000-00-00 00:00:00";"Rijksstraatweg 145";"1115AP";"";"POINT(4.94007633043121 52.3287913582794)";"";"Duivendrecht";"";"";"";"";"";"";"0";"2016-04-22 16:57:04";"2016-04-22 16:57:04";"0000-00-00 00:00:00";"Jeugdhulpverlening";"de Bascule Opnamecentrum";"Rijksstraatweg";"145";"1115AP";"Duivendrecht";"020 890 1900";"";"http://www.debascule.com";"info@debascule.com"
"de Bascule Scholen voor Speciaal Onderwijs";"de_bascule_scholen_voor_speciaal_onderwijs";"1";"246";"";"0000-00-00 00:00:00";"Rijksstraatweg 145";"1115AP";"";"POINT(4.94007633043121 52.3287913582794)";"";"Duivendrecht";"";"";"";"";"";"";"0";"2016-04-22 16:57:04";"2016-04-22 16:57:04";"0000-00-00 00:00:00";"Jeugdhulpverlening";"de Bascule Scholen voor Speciaal Onderwijs";"Rijksstraatweg";"145";"1115AP";"Duivendrecht";"020 890 1900";"";"http://www.debascule.com";"info@debascule.com"
"de Bascule Stadspoliklinieken";"de_bascule_stadspoliklinieken";"1";"246";"";"0000-00-00 00:00:00";"Czaar Peterstraat 4";"1018PR";"";"POINT(4.92682445379144 52.3683029597381)";"";"Amsterdam";"";"";"";"";"";"";"0";"2016-04-22 16:57:04";"2016-04-22 16:57:04";"0000-00-00 00:00:00";"Jeugdhulpverlening";"de Bascule Stadspoliklinieken";"Czaar Peterstraat";"4";"1018PR";"Amsterdam";"020 890 1901";"";"http://www.debascule.com";"info@debascule.com"
"de Bascule Stadspoliklinieken";"de_bascule_stadspoliklinieken_1";"1";"246";"";"0000-00-00 00:00:00";"Ekingenstraat 72";"1069GV";"";"POINT(4.79661364774696 52.356301547791)";"";"Amsterdam";"";"";"";"";"";"";"0";"2016-04-22 16:57:04";"2016-04-22 16:57:04";"0000-00-00 00:00:00";"Jeugdhulpverlening";"de Bascule Stadspoliklinieken";"Ekingenstraat";"72";"1069GV";"Amsterdam";"020 890 1901";"";"http://www.debascule.com";"info@debascule.com"
"de Bascule Stadspoliklinieken";"de_bascule_stadspoliklinieken_2";"1";"246";"";"0000-00-00 00:00:00";"IJburglaan 727";"1087CH";"";"POINT(4.99130407672333 52.3576610263124)";"";"Amsterdam";"";"";"";"";"";"";"0";"2016-04-22 16:57:04";"2016-04-22 16:57:04";"0000-00-00 00:00:00";"Jeugdhulpverlening";"de Bascule Stadspoliklinieken";"IJburglaan";"727";"1087CH";"Amsterdam";"020 890 1901";"";"http://www.debascule.com";"info@debascule.com"
"de Bascule Stadspoliklinieken";"de_bascule_stadspoliklinieken_3";"1";"246";"";"0000-00-00 00:00:00";"Karel Klinkenbergstraat 40";"1061AN";"";"POINT(4.83594013885941 52.3680225305145)";"";"Amsterdam";"";"";"";"";"";"";"0";"2016-04-22 16:57:05";"2016-04-22 16:57:05";"0000-00-00 00:00:00";"Jeugdhulpverlening";"de Bascule Stadspoliklinieken";"Karel Klinkenbergstraat";"40";"1061AN";"Amsterdam";"020 890 1901";"";"http://www.debascule.com";"info@debascule.com"
"de Bascule Stadspoliklinieken";"de_bascule_stadspoliklinieken_4";"1";"246";"";"0000-00-00 00:00:00";"Parlevinker 7";"1034PX";"";"POINT(4.92296768771137 52.4113298052294)";"";"Amsterdam";"";"";"";"";"";"";"0";"2016-04-22 16:57:05";"2016-04-22 16:57:05";"0000-00-00 00:00:00";"Jeugdhulpverlening";"de Bascule Stadspoliklinieken";"Parlevinker";"7";"1034PX";"Amsterdam";"020 890 1901";"";"http://www.debascule.com";"info@debascule.com"
"de Bascule, Centrum Trauma en Gezin";"de_bascule_centrum_trauma_en_gezin";"1";"246";"";"0000-00-00 00:00:00";"Meibergdreef 5";"1105AZ";"";"POINT(4.95463372502532 52.2945195450132)";"";"Amsterdam";"";"";"";"";"";"";"0";"2016-04-22 16:57:05";"2016-04-22 16:57:05";"0000-00-00 00:00:00";"Jeugdhulpverlening";"de Bascule, Centrum Trauma en Gezin";"Meibergdreef";"5";"1105AZ";"Amsterdam";"020 890 1000";"";"http://www.debascule.com";"cai@debascule.com"
"de Bascule, Centrum Trauma en Gezin";"de_bascule_centrum_trauma_en_gezin_1";"1";"246";"";"0000-00-00 00:00:00";"Rijksstraatweg 145";"1115AP";"";"POINT(4.94007633043121 52.3287913582794)";"";"Duivendrecht";"";"";"";"";"";"";"0";"2016-04-22 16:57:05";"2016-04-22 16:57:05";"0000-00-00 00:00:00";"Jeugdhulpverlening";"de Bascule, Centrum Trauma en Gezin";"Rijksstraatweg";"145";"1115AP";"Duivendrecht";"020 890 1000";"";"http://www.debascule.com";"cai@debascule.com"
"De Koppeling behandelcentrum JeugdzorgPlus";"de_koppeling_behandelcentrum_jeugdzorgplus";"1";"246";"";"0000-00-00 00:00:00";"Tafelbergweg 8";"1105BN";"";"POINT(4.94735803554038 52.2920659981719)";"";"Amsterdam";"";"";"";"";"";"";"0";"2016-04-22 16:57:05";"2016-04-22 16:57:05";"0000-00-00 00:00:00";"Jeugdhulpverlening";"De Koppeling behandelcentrum JeugdzorgPlus";"Tafelbergweg";"8";"1105BN";"Amsterdam";"020 342 8400";"020 342 8499";"http://www.dekoppeling.com";"info@dekoppeling.com"
"De Praktijk";"de_praktijk";"1";"246";"";"0000-00-00 00:00:00";"Vogelplein 4";"1022XP";"";"POINT(4.92694838441561 52.3874921381985)";"";"Amsterdam";"";"";"";"";"";"";"0";"2016-04-22 16:57:05";"2016-04-22 16:57:05";"0000-00-00 00:00:00";"Jeugdhulpverlening";"De Praktijk";"Vogelplein";"4";"1022XP";"Amsterdam";"";"";"http://www.de-praktijk.info";"info@de-praktijk.info"
"De Praktijktuin, praktijk voor lichaamsgerichte kinder- en jeugdtherapie";"de_praktijktuin_praktijk_voor_lichaamsgerichte_kinder_en_jeugdtherapie";"1";"246";"";"0000-00-00 00:00:00";"Groenlandstraat 8";"1060MG";"";"POINT(4.79199423657346 52.3472097064577)";"";"Amsterdam";"";"";"";"";"";"";"0";"2016-04-22 16:57:05";"2016-04-22 16:57:05";"0000-00-00 00:00:00";"Jeugdhulpverlening";"De Praktijktuin, praktijk voor lichaamsgerichte kinder- en jeugdtherapie";"Groenlandstraat";"8";"1060MG";"Amsterdam";"06 1535 7909";"";"http://www.depraktijktuin.nl";"info@depraktijktuin.nl"
"De Riethorst, GGZ-centrum voor doven & slechthorenden";"de_riethorst_ggz_centrum_voor_doven_slechthorenden";"1";"246";"";"0000-00-00 00:00:00";"Strekkerweg 77";"1033DA";"";"POINT(4.89473619464938 52.404546992831)";"";"Amsterdam";"";"";"";"";"";"";"0";"2016-04-22 16:57:05";"2016-04-22 16:57:05";"0000-00-00 00:00:00";"Jeugdhulpverlening";"De Riethorst, GGZ-centrum voor doven & slechthorenden";"Strekkerweg";"77";"1033DA";"Amsterdam";"031 843 3610";"";"http://www.propersona.nl";"infodoven-slechthorenden@propersona.nl"
"De Schatkist";"de_schatkist";"1";"246";"";"0000-00-00 00:00:00";"De Wittenkade 75";"1052AE";"";"POINT(4.87803518433571 52.3834542080771)";"";"Amsterdam";"";"";"";"";"";"";"0";"2016-04-22 16:57:05";"2016-04-22 16:57:05";"0000-00-00 00:00:00";"Jeugdhulpverlening";"De Schatkist";"De Wittenkade";"75";"1052AE";"Amsterdam";"06 1479 4883";"";"http://www.deschatkist.info";"info@deschatkist.info"
"De Verhulst, meisjeshulpverlening";"de_verhulst_meisjeshulpverlening";"1";"246";"";"0000-00-00 00:00:00";"Johannes Verhulststraat 52";"1071NG";"";"POINT(4.87458644615041 52.3552448335684)";"";"Amsterdam";"";"";"";"";"";"";"0";"2016-04-22 16:57:05";"2016-04-22 16:57:05";"0000-00-00 00:00:00";"Jeugdhulpverlening";"De Verhulst, meisjeshulpverlening";"Johannes Verhulststraat";"52";"1071NG";"Amsterdam";"020 670 1279";"";"http://www.spirit.nl";"info@spirit.nl"
"De Waag Amsterdam";"de_waag_amsterdam";"1";"246";"";"0000-00-00 00:00:00";"Zeeburgerpad 12";"1018AJ";"";"POINT(4.92885060974775 52.3668907644798)";"";"Amsterdam";"";"";"";"";"";"";"0";"2016-04-22 16:57:05";"2016-04-22 16:57:05";"0000-00-00 00:00:00";"Jeugdhulpverlening";"De Waag Amsterdam";"Zeeburgerpad";"12";"1018AJ";"Amsterdam";"020 462 6333";"020 462 6334";"http://www.dewaagnederland.nl/";"info@dewaagamsterdam.nl"
"DOpp Amsterdam";"dopp_amsterdam";"1";"246";"";"0000-00-00 00:00:00";"Elandsstraat 173";"1016RZ";"";"POINT(4.87937913529235 52.3699874019734)";"";"Amsterdam";"";"";"";"";"";"";"0";"2016-04-22 16:57:06";"2016-04-22 16:57:06";"0000-00-00 00:00:00";"Jeugdhulpverlening";"DOpp Amsterdam";"Elandsstraat";"173";"1016RZ";"Amsterdam";"06 2692 3330";"";"http://www.doppamsterdam.nl";"info@doppamsterdam.nl"
"Ebbinge en Verschoor, praktijk voor psychologie";"ebbinge_en_verschoor_praktijk_voor_psychologie_2";"1";"246";"";"0000-00-00 00:00:00";"WG-plein 354";"1054SG";"";"POINT(4.87086942949423 52.3643602278766)";"";"Amsterdam";"";"";"";"";"";"";"0";"2016-04-22 16:57:06";"2016-04-22 16:57:06";"0000-00-00 00:00:00";"Jeugdhulpverlening";"Ebbinge en Verschoor, praktijk voor psychologie";"WG-plein";"354";"1054SG";"Amsterdam";"020 616 0812";"";"http://www.ebbingeverschoor.nl/";"JE@ebbingeverschoor.nl"
"Eerstelijnspsychologenpraktijk Cats";"eerstelijnspsychologenpraktijk_cats";"1";"246";"";"0000-00-00 00:00:00";"Kortvoort 100";"1104NB";"";"POINT(4.96978099676363 52.31428419715)";"";"Amsterdam";"";"";"";"";"";"";"0";"2016-04-22 16:57:06";"2016-04-22 16:57:06";"0000-00-00 00:00:00";"Jeugdhulpverlening";"Eerstelijnspsychologenpraktijk Cats";"Kortvoort";"100";"1104NB";"Amsterdam";"020 495 2227";"";"";""
"Eigen Kracht Centrale Amsterdam";"eigen_kracht_centrale_amsterdam";"1";"246";"";"0000-00-00 00:00:00";"Nieuwe Herengracht 18";"1018DP";"";"POINT(4.90376781934102 52.366009072994)";"";"Amsterdam";"";"";"";"";"";"";"0";"2016-04-22 16:57:06";"2016-04-22 16:57:06";"0000-00-00 00:00:00";"Jeugdhulpverlening";"Eigen Kracht Centrale Amsterdam";"Nieuwe Herengracht";"18";"1018DP";"Amsterdam";"020 237 1785";"";"http://www.eigen-kracht.nl";"amsterdam@eigen-kracht.nl"
"Eigen Plan";"eigen_plan";"1";"246";"";"0000-00-00 00:00:00";"Postbus 10055";"1001EB";"";"POINT(-60.6476901 -32.9934848)";"";"Amsterdam";"";"";"";"";"";"";"0";"2016-04-22 16:57:06";"2016-04-22 16:57:06";"0000-00-00 00:00:00";"Jeugdhulpverlening";"Eigen Plan";"Postbus";"10055";"1001EB";"Amsterdam";"06 5200 0360";"";"http://www.eigen-plan.nl";"contact@eigen-plan.nl"
"En nu ik! / Kan iemand mij horen?";"en_nu_ik_kan_iemand_mij_horen";"1";"246";"";"0000-00-00 00:00:00";"POSTBUS 2938";"1000CX";"";"POINT(4.869177 52.3363658)";"";"AMSTERDAM";"";"";"";"";"";"";"0";"2016-04-22 16:57:06";"2016-04-22 16:57:06";"0000-00-00 00:00:00";"Jeugdhulpverlening";"En nu ik! / Kan iemand mij horen?";"POSTBUS";"2938";"1000CX";"AMSTERDAM";"020 521 0150";"";"http://www.en-nu-ik.nl";""
"EXPLORA Instituut voor Psychologie en Orthopedagogiek";"explora_instituut_voor_psychologie_en_orthopedagogiek";"1";"246";"";"0000-00-00 00:00:00";"Van Hallstraat 25";"1051GX";"";"POINT(4.87010594984085 52.3845163504753)";"";"Amsterdam";"";"";"";"";"";"";"0";"2016-04-22 16:57:06";"2016-04-22 16:57:06";"0000-00-00 00:00:00";"Jeugdhulpverlening";"EXPLORA Instituut voor Psychologie en Orthopedagogiek";"Van Hallstraat";"25";"1051GX";"Amsterdam";"020 682 4408";"";"http://www.explora.nu";"info@explora.nu"
"FIOM team";"fiom_team";"1";"246";"";"0000-00-00 00:00:00";"Hofgeest 341";"1102ER";"";"POINT(4.95420750871907 52.3111903519439)";"";"Amsterdam";"";"";"";"";"";"";"0";"2016-04-22 16:57:06";"2016-04-22 16:57:06";"0000-00-00 00:00:00";"Jeugdhulpverlening";"FIOM team";"Hofgeest";"341";"1102ER";"Amsterdam";"020 520 1670";"";"http://www.altra.nl/fiom";"fiom@altra.nl"
"FIOM team";"fiom_team_1";"1";"246";"";"0000-00-00 00:00:00";"Wingerdweg 52";"1032AN";"";"POINT(4.91670196390276 52.3910109917999)";"";"Amsterdam";"";"";"";"";"";"";"0";"2016-04-22 16:57:07";"2016-04-22 16:57:07";"0000-00-00 00:00:00";"Jeugdhulpverlening";"FIOM team";"Wingerdweg";"52";"1032AN";"Amsterdam";"020 520 1670";"";"http://www.altra.nl/fiom";"fiom@altra.nl"
"Gabriella Brescia, kinder- en jeugdtherapie";"gabriella_brescia_kinder_en_jeugdtherapie";"1";"246";"";"0000-00-00 00:00:00";"Pesetalaan 12";"1060SC";"";"POINT(4.78573715584344 52.3475825248888)";"";"Amsterdam";"";"";"";"";"";"";"0";"2016-04-22 16:57:07";"2016-04-22 16:57:07";"0000-00-00 00:00:00";"Jeugdhulpverlening";"Gabriella Brescia, kinder- en jeugdtherapie";"Pesetalaan";"12";"1060SC";"Amsterdam";"06 5062 2896";"";"http://www.gabriellabrescia.nl";"kindertherapie@gabriellabrescia.nl"
"Gère Paulussen Leefkringhuis";"gere_paulussen_leefkringhuis";"1";"246";"";"0000-00-00 00:00:00";"Koekoeksstraat 12";"1021TX";"";"POINT(4.91946273415753 52.3869325394493)";"";"Amsterdam";"";"";"";"";"";"";"0";"2016-04-22 16:57:07";"2016-04-22 16:57:07";"0000-00-00 00:00:00";"Jeugdhulpverlening";"Gère Paulussen Leefkringhuis";"Koekoeksstraat";"12";"1021TX";"Amsterdam";"020 636 2539";"020 634 1800";"http://www.leefkringhuis-noord.nl";"secretariaat@leefkringhuis-noord.nl"
"GGZ in Geest F-ACT- en ACT-teams";"ggz_in_geest_f_act_en_act_teams";"1";"246";"";"0000-00-00 00:00:00";"Bocholtstraat 54";"1066MG";"";"POINT(4.81693302225752 52.3467046754644)";"";"Amsterdam";"";"";"";"";"";"";"0";"2016-04-22 16:57:07";"2016-04-22 16:57:07";"0000-00-00 00:00:00";"Jeugdhulpverlening";"GGZ in Geest F-ACT- en ACT-teams";"Bocholtstraat";"54";"1066MG";"Amsterdam";"020 788 4777";"";"http://www.ggzingeest.nl";""
"GGZ in Geest F-ACT- en ACT-teams";"ggz_in_geest_f_act_en_act_teams_1";"1";"246";"";"0000-00-00 00:00:00";"Osdorpplein 880";"1068TD";"";"POINT(4.80664197171459 52.3583554362859)";"";"Amsterdam";"";"";"";"";"";"";"0";"2016-04-22 16:57:07";"2016-04-22 16:57:07";"0000-00-00 00:00:00";"Jeugdhulpverlening";"GGZ in Geest F-ACT- en ACT-teams";"Osdorpplein";"880";"1068TD";"Amsterdam";"020 788 4999";"";"http://www.ggzingeest.nl";""
"GGZ in Geest F-ACT- en ACT-teams";"ggz_in_geest_f_act_en_act_teams_2";"1";"246";"";"0000-00-00 00:00:00";"Van Hilligaertstraat 21";"1072JX";"";"POINT(4.88799029368571 52.3498285821422)";"";"Amsterdam";"";"";"";"";"";"";"0";"2016-04-22 16:57:07";"2016-04-22 16:57:07";"0000-00-00 00:00:00";"Jeugdhulpverlening";"GGZ in Geest F-ACT- en ACT-teams";"Van Hilligaertstraat";"21";"1072JX";"Amsterdam";"020 788 5155";"";"http://www.ggzingeest.nl";""
"GGZ inGeest Polikiniek Jeugd & Jongeren Amsterdam";"ggz_ingeest_polikiniek_jeugd_jongeren_amsterdam";"1";"246";"";"0000-00-00 00:00:00";"Overschiestraat 57";"1062HN";"";"POINT(4.83993075599542 52.3480432597083)";"";"Amsterdam";"";"";"";"";"";"";"0";"2016-04-22 16:57:07";"2016-04-22 16:57:07";"0000-00-00 00:00:00";"Jeugdhulpverlening";"GGZ inGeest Polikiniek Jeugd & Jongeren Amsterdam";"Overschiestraat";"57";"1062HN";"Amsterdam";"020 788 5600";"";"http://www.ggzingeest.nl";"jeugd@ggzingeest.nl"
"Groepspraktijk voor kinder- en jeugdpsychotherapie Plein 20";"groepspraktijk_voor_kinder_en_jeugdpsychotherapie_plein_20";"1";"246";"";"0000-00-00 00:00:00";"Van Tuyll van Serooskerkenplein 1";"1076LX";"";"POINT(4.86664600695737 52.345170846428)";"";"Amsterdam";"";"";"";"";"";"";"0";"2016-04-22 16:57:07";"2016-04-22 16:57:07";"0000-00-00 00:00:00";"Jeugdhulpverlening";"Groepspraktijk voor kinder- en jeugdpsychotherapie Plein 20";"Van Tuyll van Serooskerkenplein";"1";"1076LX";"Amsterdam";"020 679 6972";"";"http://www.plein20.nl";"info@plein20.nl"
"Halt- team Amsterdam";"halt_team_amsterdam";"1";"246";"";"0000-00-00 00:00:00";"POSTBUS 4019";"3502HA";"";"POINT(-76.5281205 39.3354109)";"";"UTRECHT";"";"";"";"";"";"";"0";"2016-04-22 16:57:07";"2016-04-22 16:57:07";"0000-00-00 00:00:00";"Jeugdhulpverlening";"Halt- team Amsterdam";"POSTBUS";"4019";"3502HA";"UTRECHT";"088 115 3500";"088 115 3501";"http://www.halt.nl";"info@halt.nl"
"Hersencentrum";"hersencentrum";"1";"246";"";"0000-00-00 00:00:00";"Marnixstraat 364";"1016XW";"";"POINT(4.87968928479994 52.3659802062974)";"";"Amsterdam";"";"";"";"";"";"";"0";"2016-04-22 16:57:08";"2016-04-22 16:57:08";"0000-00-00 00:00:00";"Jeugdhulpverlening";"Hersencentrum";"Marnixstraat";"364";"1016XW";"Amsterdam";"072 520 1489";"020 223 9665";"http://www.hersencentrum.nl";"info@hersencentrum.nl"
"Hoenderloo groep";"hoenderloo_groep";"1";"246";"";"0000-00-00 00:00:00";"POSTBUS 73";"7350AB";"";"POINT(4.2800045 52.0664506)";"";"HOENDERLOO";"";"";"";"";"";"";"0";"2016-04-22 16:57:08";"2016-04-22 16:57:08";"0000-00-00 00:00:00";"Jeugdhulpverlening";"Hoenderloo groep";"POSTBUS";"73";"7350AB";"HOENDERLOO";"055 378 8800";"";"http://www.hoenderloo-groep.nl";"info@pluryn.nl"
"Home-Start";"home_start_7";"1";"246";"";"0000-00-00 00:00:00";"Arent Janszoon Ernststraat 112";"1082LP";"";"POINT(4.87822550674615 52.3323147607255)";"";"Amsterdam";"";"";"";"";"";"";"0";"2016-04-22 16:57:08";"2016-04-22 16:57:08";"0000-00-00 00:00:00";"Jeugdhulpverlening";"Home-Start";"Arent Janszoon Ernststraat";"112";"1082LP";"Amsterdam";"06 2411 0936";"";"http://www.home-start.nl";"amsterdam.nieuwwest@home-start.nl"
"Home-Start";"home_start_8";"1";"246";"";"0000-00-00 00:00:00";"Beverwijkstraat 3";"1024VL";"";"POINT(4.9554494917273 52.3936400584394)";"";"Amsterdam";"";"";"";"";"";"";"0";"2016-04-22 16:57:08";"2016-04-22 16:57:08";"0000-00-00 00:00:00";"Jeugdhulpverlening";"Home-Start";"Beverwijkstraat";"3";"1024VL";"Amsterdam";"06 2411 0936";"";"http://www.home-start.nl";"amsterdam.nieuwwest@home-start.nl"
"Home-Start";"home_start_9";"1";"246";"";"0000-00-00 00:00:00";"Evertsweertplantsoen 3";"1069RK";"";"POINT(4.79308078810462 52.3559423314776)";"";"Amsterdam";"";"";"";"";"";"";"0";"2016-04-22 16:57:08";"2016-04-22 16:57:08";"0000-00-00 00:00:00";"Jeugdhulpverlening";"Home-Start";"Evertsweertplantsoen";"3";"1069RK";"Amsterdam";"06 2411 0936";"";"http://www.home-start.nl";"amsterdam.nieuwwest@home-start.nl"
"Home-Start";"home_start_10";"1";"246";"";"0000-00-00 00:00:00";"Houtmankade 334";"1013RR";"";"POINT(4.88198973368755 52.3859495819503)";"";"Amsterdam";"";"";"";"";"";"";"0";"2016-04-22 16:57:08";"2016-04-22 16:57:08";"0000-00-00 00:00:00";"Jeugdhulpverlening";"Home-Start";"Houtmankade";"334";"1013RR";"Amsterdam";"06 2411 0936";"";"http://www.home-start.nl";"amsterdam.nieuwwest@home-start.nl"
"Home-Start";"home_start_11";"1";"246";"";"0000-00-00 00:00:00";"Lutmastraat 61";"1073GN";"";"POINT(4.89533400658149 52.3506772126321)";"";"Amsterdam";"";"";"";"";"";"";"0";"2016-04-22 16:57:08";"2016-04-22 16:57:08";"0000-00-00 00:00:00";"Jeugdhulpverlening";"Home-Start";"Lutmastraat";"61";"1073GN";"Amsterdam";"06 2411 0936";"";"http://www.home-start.nl";"amsterdam.nieuwwest@home-start.nl"
"Home-Start";"home_start_12";"1";"246";"";"0000-00-00 00:00:00";"Postbus 71";"1000AB";"";"POINT(4.8951679 52.3702157)";"";"Amsterdam";"";"";"";"";"";"";"0";"2016-04-22 16:57:08";"2016-04-22 16:57:08";"0000-00-00 00:00:00";"Jeugdhulpverlening";"Home-Start";"Postbus";"71";"1000AB";"Amsterdam";"06 2411 0936";"";"http://www.home-start.nl";"amsterdam.nieuwwest@home-start.nl"
"Home-Start";"home_start_13";"1";"246";"";"0000-00-00 00:00:00";"Sarphatistraat 4";"1017WS";"";"POINT(4.90210339499815 52.3597827618791)";"";"Amsterdam";"";"";"";"";"";"";"0";"2016-04-22 16:57:09";"2016-04-22 16:57:09";"0000-00-00 00:00:00";"Jeugdhulpverlening";"Home-Start";"Sarphatistraat";"4";"1017WS";"Amsterdam";"06 2411 0936";"";"http://www.home-start.nl";"amsterdam.nieuwwest@home-start.nl"
"Home-Start";"home_start_14";"1";"246";"";"0000-00-00 00:00:00";"Tijl Uilenspiegelstraat 12";"1055CK";"";"POINT(4.84869744789742 52.3778778758174)";"";"Amsterdam";"";"";"";"";"";"";"0";"2016-04-22 16:57:09";"2016-04-22 16:57:09";"0000-00-00 00:00:00";"Jeugdhulpverlening";"Home-Start";"Tijl Uilenspiegelstraat";"12";"1055CK";"Amsterdam";"06 2411 0936";"";"http://www.home-start.nl";"amsterdam.nieuwwest@home-start.nl"
"Interapy Nederland - online therapie voor psychische klachten";"interapy_nederland_online_therapie_voor_psychische_klachten";"1";"246";"";"0000-00-00 00:00:00";"Kabelweg 21";"1014BA";"";"POINT(4.84636979493747 52.3905129848578)";"";"Amsterdam";"";"";"";"";"";"";"0";"2016-04-22 16:57:09";"2016-04-22 16:57:09";"0000-00-00 00:00:00";"Jeugdhulpverlening";"Interapy Nederland - online therapie voor psychische klachten";"Kabelweg";"21";"1014BA";"Amsterdam";"088 115 5811";"";"http://www.interapy.nl";"info@interapy.nl"
"Intermetzo";"intermetzo";"1";"246";"";"0000-00-00 00:00:00";"POSTBUS 94";"7200AB";"";"POINT(-68.9154768 12.1021077)";"";"ZUTPHEN";"";"";"";"";"";"";"0";"2016-04-22 16:57:09";"2016-04-22 16:57:09";"0000-00-00 00:00:00";"Jeugdhulpverlening";"Intermetzo";"POSTBUS";"94";"7200AB";"ZUTPHEN";"088 547 7000";"";"http://www.intermetzo.nl";""
"Jeugdbescherming Regio Amsterdam";"jeugdbescherming_regio_amsterdam";"1";"246";"";"0000-00-00 00:00:00";"Overschiestraat 57";"1062HN";"";"POINT(4.83993075599542 52.3480432597083)";"";"Amsterdam";"";"";"";"";"";"";"0";"2016-04-22 16:57:09";"2016-04-22 16:57:09";"0000-00-00 00:00:00";"Jeugdhulpverlening";"Jeugdbescherming Regio Amsterdam";"Overschiestraat";"57";"1062HN";"Amsterdam";"020 487 8222";"020 487 8211";"http://www.jbra.nl";"info@jbra.nl"
"Kids at Home";"kids_at_home";"1";"246";"";"0000-00-00 00:00:00";"Donker Curtiusstraat 31";"1051MC";"";"POINT(4.87126342179425 52.3784546972955)";"";"Amsterdam";"";"";"";"";"";"";"0";"2016-04-22 16:57:09";"2016-04-22 16:57:09";"0000-00-00 00:00:00";"Jeugdhulpverlening";"Kids at Home";"Donker Curtiusstraat";"31";"1051MC";"Amsterdam";"020 684 6997";"";"http://www.kids-at-home.nl";"adamzuid@kids-at-home.nl"
"Kids at Home";"kids_at_home_1";"1";"246";"";"0000-00-00 00:00:00";"Maria Austriastraat 640";"1087JC";"";"POINT(4.99871386805544 52.3546836871764)";"";"Amsterdam";"";"";"";"";"";"";"0";"2016-04-22 16:57:09";"2016-04-22 16:57:09";"0000-00-00 00:00:00";"Jeugdhulpverlening";"Kids at Home";"Maria Austriastraat";"640";"1087JC";"Amsterdam";"020 684 6997";"";"http://www.kids-at-home.nl";"adamzuid@kids-at-home.nl"
"Kids at Home";"kids_at_home_2";"1";"246";"";"0000-00-00 00:00:00";"Meteorenweg 125";"1033GW";"";"POINT(4.88689327832145 52.4119828645781)";"";"Amsterdam";"";"";"";"";"";"";"0";"2016-04-22 16:57:09";"2016-04-22 16:57:09";"0000-00-00 00:00:00";"Jeugdhulpverlening";"Kids at Home";"Meteorenweg";"125";"1033GW";"Amsterdam";"020 684 6997";"";"http://www.kids-at-home.nl";"adamzuid@kids-at-home.nl"
"Kids at Home";"kids_at_home_3";"1";"246";"";"0000-00-00 00:00:00";"Roompotstraat 1";"1078KS";"";"POINT(4.88849039271406 52.3458131632375)";"";"Amsterdam";"";"";"";"";"";"";"0";"2016-04-22 16:57:09";"2016-04-22 16:57:09";"0000-00-00 00:00:00";"Jeugdhulpverlening";"Kids at Home";"Roompotstraat";"1";"1078KS";"Amsterdam";"020 684 6997";"";"http://www.kids-at-home.nl";"adamzuid@kids-at-home.nl"
"Kids at Home";"kids_at_home_4";"1";"246";"";"0000-00-00 00:00:00";"Van Boetzelaerstraat 49";"1051CZ";"";"POINT(4.87205717824741 52.3821880517126)";"";"Amsterdam";"";"";"";"";"";"";"0";"2016-04-22 16:57:09";"2016-04-22 16:57:09";"0000-00-00 00:00:00";"Jeugdhulpverlening";"Kids at Home";"Van Boetzelaerstraat";"49";"1051CZ";"Amsterdam";"020 684 6997";"";"http://www.kids-at-home.nl";"adamzuid@kids-at-home.nl"
"Kidssupport";"kidssupport";"1";"246";"";"0000-00-00 00:00:00";"Cas Oorthuyskade 110";"1087BB";"";"POINT(4.9895932911871 52.3601898193286)";"";"Amsterdam";"";"";"";"";"";"";"0";"2016-04-22 16:57:10";"2016-04-22 16:57:10";"0000-00-00 00:00:00";"Jeugdhulpverlening";"Kidssupport";"Cas Oorthuyskade";"110";"1087BB";"Amsterdam";"06 2741 3034";"";"http://www.kidssupport.nl";"info@kidssupport.nl"
"Kinder- en jeugdpsychiatriepraktijk Strubbe";"kinder_en_jeugdpsychiatriepraktijk_strubbe";"1";"246";"";"0000-00-00 00:00:00";"De Lairessestraat 66";"1071PE";"";"POINT(4.87414140415638 52.354380081198)";"";"Amsterdam";"";"";"";"";"";"";"0";"2016-04-22 16:57:10";"2016-04-22 16:57:10";"0000-00-00 00:00:00";"Jeugdhulpverlening";"Kinder- en jeugdpsychiatriepraktijk Strubbe";"De Lairessestraat";"66";"1071PE";"Amsterdam";"020 671 4657";"";"";"wstrub@telfort.nl"
"Kinder- en jeugdpsychiatriepraktijk Weijer";"kinder_en_jeugdpsychiatriepraktijk_weijer";"1";"246";"";"0000-00-00 00:00:00";"Prinsengracht 1003";"1017KN";"";"POINT(4.8940179821953 52.362122114368)";"";"Amsterdam";"";"";"";"";"";"";"0";"2016-04-22 16:57:10";"2016-04-22 16:57:10";"0000-00-00 00:00:00";"Jeugdhulpverlening";"Kinder- en jeugdpsychiatriepraktijk Weijer";"Prinsengracht";"1003";"1017KN";"Amsterdam";"020 624 7530";"";"";""
"Kinder- en Jeugdpsychologenpraktijk Visser-de Wit";"kinder_en_jeugdpsychologenpraktijk_visser_de_wit";"1";"246";"";"0000-00-00 00:00:00";"Stadionweg 88";"1077SR";"";"POINT(4.8777037912121 52.3470974091668)";"";"Amsterdam";"";"";"";"";"";"";"0";"2016-04-22 16:57:10";"2016-04-22 16:57:10";"0000-00-00 00:00:00";"Jeugdhulpverlening";"Kinder- en Jeugdpsychologenpraktijk Visser-de Wit";"Stadionweg";"88";"1077SR";"Amsterdam";"020 673 0288";"";"";"e.de.wit@planet.nl"
"Kinder- en jongerenrechtswinkel Amsterdam";"kinder_en_jongerenrechtswinkel_amsterdam";"1";"246";"";"0000-00-00 00:00:00";"Overschiestraat 57";"1062HN";"";"POINT(4.83993075599542 52.3480432597083)";"";"Amsterdam";"";"";"";"";"";"";"0";"2016-04-22 16:57:10";"2016-04-22 16:57:10";"0000-00-00 00:00:00";"Jeugdhulpverlening";"Kinder- en jongerenrechtswinkel Amsterdam";"Overschiestraat";"57";"1062HN";"Amsterdam";"020 626 0067";"";"http://www.kinderrechtshulp.nl/";"info@kinderrechtshulp.nl"
"Kindertelefoon, locatie Amsterdam";"kindertelefoon_locatie_amsterdam";"1";"246";"";"0000-00-00 00:00:00";"Baarsjesweg 224";"1058AA";"";"POINT(4.85828389454875 52.3634058940364)";"";"Amsterdam";"";"";"";"";"";"";"0";"2016-04-22 16:57:10";"2016-04-22 16:57:10";"0000-00-00 00:00:00";"Jeugdhulpverlening";"Kindertelefoon, locatie Amsterdam";"Baarsjesweg";"224";"1058AA";"Amsterdam";"030 341 0420";"";"http://www.kindertelefoon.nl";""
"Kindertherapie Lef";"kindertherapie_lef";"1";"246";"";"0000-00-00 00:00:00";"Commelinstraat 47";"1093TK";"";"POINT(4.9259609600568 52.3637967603314)";"";"Amsterdam";"";"";"";"";"";"";"0";"2016-04-22 16:57:10";"2016-04-22 16:57:10";"0000-00-00 00:00:00";"Jeugdhulpverlening";"Kindertherapie Lef";"Commelinstraat";"47";"1093TK";"Amsterdam";"06 1255 3413";"";"http://www.kindertherapielef.nl";"info@kindertherapielef.nl"
"Lijn5";"lijn5_12";"1";"246";"";"0000-00-00 00:00:00";"Chris Lebeaustraat 4";"1062DC";"";"POINT(4.83845942075963 52.3625876537368)";"";"Amsterdam";"";"";"";"";"";"";"0";"2016-04-22 16:57:10";"2016-04-22 16:57:10";"0000-00-00 00:00:00";"Jeugdhulpverlening";"Lijn5";"Chris Lebeaustraat";"4";"1062DC";"Amsterdam";"088 513 1128";"";"http://www.ln5.nl";"toegang.regioamsterdam@ln5.nl"
"Lijn5";"lijn5_13";"1";"246";"";"0000-00-00 00:00:00";"Mari&#235;ndaal 13";"1025BT";"";"POINT(4.94217739398391 52.4025057728816)";"";"Amsterdam";"";"";"";"";"";"";"0";"2016-04-22 16:57:10";"2016-04-22 16:57:10";"0000-00-00 00:00:00";"Jeugdhulpverlening";"Lijn5";"Mari&#235;ndaal";"13";"1025BT";"Amsterdam";"088 513 1128";"";"http://www.ln5.nl";"toegang.regioamsterdam@ln5.nl"
"Me and Mar jongerenconsult";"me_and_mar_jongerenconsult";"1";"246";"";"0000-00-00 00:00:00";"Johannes Vermeerplein 11";"1071DV";"";"POINT(4.8841847182694 52.3553848755412)";"";"Amsterdam";"";"";"";"";"";"";"0";"2016-04-22 16:57:10";"2016-04-22 16:57:10";"0000-00-00 00:00:00";"Jeugdhulpverlening";"Me and Mar jongerenconsult";"Johannes Vermeerplein";"11";"1071DV";"Amsterdam";"06 2129 5395";"";"http://www.meandmar.nl/";"Info@meandmar.nl"
"Medisch Orthopedagogisch Centrum 't Kabouterhuis";"medisch_orthopedagogisch_centrum_t_kabouterhuis";"1";"246";"";"0000-00-00 00:00:00";"Albardagracht 1";"1063NN";"";"POINT(4.81300375375076 52.3806221994488)";"";"Amsterdam";"";"";"";"";"";"";"0";"2016-04-22 16:57:10";"2016-04-22 16:57:10";"0000-00-00 00:00:00";"Jeugdhulpverlening";"Medisch Orthopedagogisch Centrum 't Kabouterhuis";"Albardagracht";"1";"1063NN";"Amsterdam";"020 644 5351";"020 644 6695";"http://www.kabouterhuis.nl";"zuid@kabouterhuis.nl"
"Medisch Orthopedagogisch Centrum 't Kabouterhuis";"medisch_orthopedagogisch_centrum_t_kabouterhuis_1";"1";"246";"";"0000-00-00 00:00:00";"Amsteldijk 196";"1079LK";"";"POINT(4.91295218814865 52.3418378279181)";"";"Amsterdam";"";"";"";"";"";"";"0";"2016-04-22 16:57:11";"2016-04-22 16:57:11";"0000-00-00 00:00:00";"Jeugdhulpverlening";"Medisch Orthopedagogisch Centrum 't Kabouterhuis";"Amsteldijk";"196";"1079LK";"Amsterdam";"020 644 5351";"020 644 6695";"http://www.kabouterhuis.nl";"zuid@kabouterhuis.nl"
"Medisch Orthopedagogisch Centrum 't Kabouterhuis";"medisch_orthopedagogisch_centrum_t_kabouterhuis_2";"1";"246";"";"0000-00-00 00:00:00";"Kopjachtplein 20";"1034JG";"";"POINT(4.91641598779449 52.4057774510004)";"";"Amsterdam";"";"";"";"";"";"";"0";"2016-04-22 16:57:11";"2016-04-22 16:57:11";"0000-00-00 00:00:00";"Jeugdhulpverlening";"Medisch Orthopedagogisch Centrum 't Kabouterhuis";"Kopjachtplein";"20";"1034JG";"Amsterdam";"020 644 5351";"020 644 6695";"http://www.kabouterhuis.nl";"zuid@kabouterhuis.nl"
"Medisch Orthopedagogisch Centrum 't Kabouterhuis";"medisch_orthopedagogisch_centrum_t_kabouterhuis_3";"1";"246";"";"0000-00-00 00:00:00";"Leksmondplein 28";"1108EL";"";"POINT(4.97990796255041 52.3086032731991)";"";"Amsterdam";"";"";"";"";"";"";"0";"2016-04-22 16:57:11";"2016-04-22 16:57:11";"0000-00-00 00:00:00";"Jeugdhulpverlening";"Medisch Orthopedagogisch Centrum 't Kabouterhuis";"Leksmondplein";"28";"1108EL";"Amsterdam";"020 644 5351";"020 644 6695";"http://www.kabouterhuis.nl";"zuid@kabouterhuis.nl"
"Natuurlijk Amsterdam";"natuurlijk_amsterdam";"1";"246";"";"0000-00-00 00:00:00";"J.F. van Hengelstraat 141";"1019TP";"";"POINT(4.93960490239019 52.3735019079191)";"";"Amsterdam";"";"";"";"";"";"";"0";"2016-04-22 16:57:11";"2016-04-22 16:57:11";"0000-00-00 00:00:00";"Jeugdhulpverlening";"Natuurlijk Amsterdam";"J.F. van Hengelstraat";"141";"1019TP";"Amsterdam";"020 664 9494";"";"http://www.natuurlijkamsterdam.nl";"contact@elisabethhoogland.nl"
"Nelleke van Uden, praktijk voor integratieve kindertherapie";"nelleke_van_uden_praktijk_voor_integratieve_kindertherapie";"1";"246";"";"0000-00-00 00:00:00";"Hygi&#235;astraat 8";"1076RM";"";"POINT(4.86234742226116 52.3463022968257)";"";"Amsterdam";"";"";"";"";"";"";"0";"2016-04-22 16:57:11";"2016-04-22 16:57:11";"0000-00-00 00:00:00";"Jeugdhulpverlening";"Nelleke van Uden, praktijk voor integratieve kindertherapie";"Hygi&#235;astraat";"8";"1076RM";"Amsterdam";"06 1994 7537";"";"http://www.onzekindertherapeut.nl";""
"Omgangshuis Noord-Holland";"omgangshuis_noord_holland";"1";"246";"";"0000-00-00 00:00:00";"Symon Claeszstraat 2";"1502VE";"";"POINT(4.82757426293021 52.4422216021704)";"";"Zaandam";"";"";"";"";"";"";"0";"2016-04-22 16:57:11";"2016-04-22 16:57:11";"0000-00-00 00:00:00";"Jeugdhulpverlening";"Omgangshuis Noord-Holland";"Symon Claeszstraat";"2";"1502VE";"Zaandam";"075 612 0802";"";"http://www.omgangshuis.org";"info@omgangshuis.org"
"PEPtalk kinder- en jeugdtherapie";"peptalk_kinder_en_jeugdtherapie";"1";"246";"";"0000-00-00 00:00:00";"Herculesstraat 132";"1076SV";"";"POINT(4.8613248589151 52.3459022955541)";"";"Amsterdam";"";"";"";"";"";"";"0";"2016-04-22 16:57:11";"2016-04-22 16:57:11";"0000-00-00 00:00:00";"Jeugdhulpverlening";"PEPtalk kinder- en jeugdtherapie";"Herculesstraat";"132";"1076SV";"Amsterdam";"06 2188 3131";"";"http://www.peptalktherapie.nl";"info@peptalktherapie.nl"
"Perspectief GZ";"perspectief_gz";"1";"246";"";"0000-00-00 00:00:00";"Jan Evertsenstraat 751";"1061XZ";"";"POINT(4.83597977085557 52.3695596205726)";"";"Amsterdam";"";"";"";"";"";"";"0";"2016-04-22 16:57:11";"2016-04-22 16:57:11";"0000-00-00 00:00:00";"Jeugdhulpverlening";"Perspectief GZ";"Jan Evertsenstraat";"751";"1061XZ";"Amsterdam";"020 617 8757";"020 613 9201";"http://www.het-perspectief.nl";"info@het-perspectief.nl"
"Perspectief, praktijk voor psychische gezondheid";"perspectief_praktijk_voor_psychische_gezondheid_1";"1";"246";"";"0000-00-00 00:00:00";"Brederodestraat 108";"1054VH";"";"POINT(4.86213149015507 52.3608345505683)";"";"Amsterdam";"";"";"";"";"";"";"0";"2016-04-22 16:57:11";"2016-04-22 16:57:11";"0000-00-00 00:00:00";"Jeugdhulpverlening";"Perspectief, praktijk voor psychische gezondheid";"Brederodestraat";"108";"1054VH";"Amsterdam";"";"";"http://www.perspectiefpraktijk.nl/contact/locatie-perspectief-praktijk-amsterdam.html";"info@perspectiefadvies.nl"
"Perspectief, praktijk voor psychische gezondheid";"perspectief_praktijk_voor_psychische_gezondheid_2";"1";"246";"";"0000-00-00 00:00:00";"Hogeweg 50";"1098CE";"";"POINT(4.93314324648639 52.3548907397798)";"";"Amsterdam";"";"";"";"";"";"";"0";"2016-04-22 16:57:11";"2016-04-22 16:57:11";"0000-00-00 00:00:00";"Jeugdhulpverlening";"Perspectief, praktijk voor psychische gezondheid";"Hogeweg";"50";"1098CE";"Amsterdam";"";"";"http://www.perspectiefpraktijk.nl/contact/locatie-perspectief-praktijk-amsterdam.html";"info@perspectiefadvies.nl"
"Praktijk Rood";"praktijk_rood";"1";"246";"";"0000-00-00 00:00:00";"Meeuwenlaan 98";"1021JL";"";"POINT(4.9215022114949 52.3857542043437)";"";"Amsterdam";"";"";"";"";"";"";"0";"2016-04-22 16:57:11";"2016-04-22 16:57:11";"0000-00-00 00:00:00";"Jeugdhulpverlening";"Praktijk Rood";"Meeuwenlaan";"98";"1021JL";"Amsterdam";"020 303 8700";"";"http://www.praktijkrood.nl";"info@praktijkrood.nl"
"Praktijk Veldhuis";"praktijk_veldhuis";"1";"246";"";"0000-00-00 00:00:00";"Oosterpark 76";"1092AT";"";"POINT(4.92361323896574 52.3594555137241)";"";"Amsterdam";"";"";"";"";"";"";"0";"2016-04-22 16:57:11";"2016-04-22 16:57:11";"0000-00-00 00:00:00";"Jeugdhulpverlening";"Praktijk Veldhuis";"Oosterpark";"76";"1092AT";"Amsterdam";"06 1399 5506";"";"http://www.praktijkveldhuis.nl";"info@praktijkveldhuis.nl"
"Praktijk voor integratieve kindertherapie Veerkracht";"praktijk_voor_integratieve_kindertherapie_veerkracht";"1";"246";"";"0000-00-00 00:00:00";"Vegastraat 266";"1033JC";"";"POINT(4.88073873417119 52.4142305889377)";"";"Amsterdam";"";"";"";"";"";"";"0";"2016-04-22 16:57:12";"2016-04-22 16:57:12";"0000-00-00 00:00:00";"Jeugdhulpverlening";"Praktijk voor integratieve kindertherapie Veerkracht";"Vegastraat";"266";"1033JC";"Amsterdam";"020 673 2209";"";"http://www.kindertherapieveerkracht.nl";"info@kindertherapieveerkracht.nl"
"Praktijk voor Psychotherapie";"praktijk_voor_psychotherapie";"1";"246";"";"0000-00-00 00:00:00";"Finsenstraat 1";"1098RD";"";"POINT(4.93995469695796 52.3490027510252)";"";"Amsterdam";"";"";"";"";"";"";"0";"2016-04-22 16:57:12";"2016-04-22 16:57:12";"0000-00-00 00:00:00";"Jeugdhulpverlening";"Praktijk voor Psychotherapie";"Finsenstraat";"1";"1098RD";"Amsterdam";"020 693 9069";"";"";"e.bolijn@hetnet.nl"
"Praktijk voor Relatie en Gezinstherapie Rawankaw";"praktijk_voor_relatie_en_gezinstherapie_rawankaw";"1";"246";"";"0000-00-00 00:00:00";"Vondelstraat 100";"1054GP";"";"POINT(4.87435197385002 52.3615622033425)";"";"Amsterdam";"";"";"";"";"";"";"0";"2016-04-22 16:57:12";"2016-04-22 16:57:12";"0000-00-00 00:00:00";"Jeugdhulpverlening";"Praktijk voor Relatie en Gezinstherapie Rawankaw";"Vondelstraat";"100";"1054GP";"Amsterdam";"06 4754 8937";"";"http://www.rawankaw.nl";"fariba.rhmaty@xs4all.nl"
"Professor Waterinkschool";"professor_waterinkschool";"1";"246";"";"0000-00-00 00:00:00";"Albardagracht 1";"1063NN";"";"POINT(4.81300375375076 52.3806221994488)";"";"Amsterdam";"";"";"";"";"";"";"0";"2016-04-22 16:57:12";"2016-04-22 16:57:12";"0000-00-00 00:00:00";"Jeugdhulpverlening";"Professor Waterinkschool";"Albardagracht";"1";"1063NN";"Amsterdam";"020 679 8627";"020 676 1951";"http://www.professor-waterinkschool.nl";"info@professor-waterinkschool.nl"
"Professor Waterinkschool";"professor_waterinkschool_1";"1";"246";"";"0000-00-00 00:00:00";"Amsteldijk 196";"1079LK";"";"POINT(4.91295218814865 52.3418378279181)";"";"Amsterdam";"";"";"";"";"";"";"0";"2016-04-22 16:57:12";"2016-04-22 16:57:12";"0000-00-00 00:00:00";"Jeugdhulpverlening";"Professor Waterinkschool";"Amsteldijk";"196";"1079LK";"Amsterdam";"020 679 8627";"020 676 1951";"http://www.professor-waterinkschool.nl";"info@professor-waterinkschool.nl"
"Professor Waterinkschool";"professor_waterinkschool_3";"1";"246";"";"0000-00-00 00:00:00";"Kopjachtplein 19";"1034JG";"";"POINT(4.91639211606692 52.4057877368526)";"";"Amsterdam";"";"";"";"";"";"";"0";"2016-04-22 16:57:12";"2016-04-22 16:57:12";"0000-00-00 00:00:00";"Jeugdhulpverlening";"Professor Waterinkschool";"Kopjachtplein";"19";"1034JG";"Amsterdam";"020 679 8627";"020 676 1951";"http://www.professor-waterinkschool.nl";"info@professor-waterinkschool.nl"
"Psychiatrie Praktijk Kurt";"psychiatrie_praktijk_kurt";"1";"246";"";"0000-00-00 00:00:00";"Hageland 117";"1066SB";"";"POINT(4.81247132143848 52.3457740029488)";"";"Amsterdam";"";"";"";"";"";"";"0";"2016-04-22 16:57:12";"2016-04-22 16:57:12";"0000-00-00 00:00:00";"Jeugdhulpverlening";"Psychiatrie Praktijk Kurt";"Hageland";"117";"1066SB";"Amsterdam";"020 341 9363";"";"http://www.praktijkkurt.nl";"m.kurt@ringamsterdam.nl"
"Psychiatriepraktijk Lenz";"psychiatriepraktijk_lenz";"1";"246";"";"0000-00-00 00:00:00";"Ruysdaelstraat 49";"1071XA";"";"POINT(4.88365835537557 52.3539086470992)";"";"Amsterdam";"";"";"";"";"";"";"0";"2016-04-22 16:57:12";"2016-04-22 16:57:12";"0000-00-00 00:00:00";"Jeugdhulpverlening";"Psychiatriepraktijk Lenz";"Ruysdaelstraat";"49";"1071XA";"Amsterdam";"020 428 2081";"020 470 0065";"http://www.praktijklenz.nl";""
"Psychiatrische praktijk Psydok";"psychiatrische_praktijk_psydok";"1";"246";"";"0000-00-00 00:00:00";"Westerdok 718";"1013BV";"";"POINT(4.89182924825963 52.3859034367973)";"";"Amsterdam";"";"";"";"";"";"";"0";"2016-04-22 16:57:12";"2016-04-22 16:57:12";"0000-00-00 00:00:00";"Jeugdhulpverlening";"Psychiatrische praktijk Psydok";"Westerdok";"718";"1013BV";"Amsterdam";"020 623 7417";"020 337 7821";"http://www.psydok.nl";"info@psydok.nl"
"Psychodiagnostisch Centrum Child Support Amsterdam";"psychodiagnostisch_centrum_child_support_amsterdam_1";"1";"246";"";"0000-00-00 00:00:00";"Weteringschans 124";"1017XT";"";"POINT(4.89672227781917 52.3591943621047)";"";"Amsterdam";"";"";"";"";"";"";"0";"2016-04-22 16:57:12";"2016-04-22 16:57:12";"0000-00-00 00:00:00";"Jeugdhulpverlening";"Psychodiagnostisch Centrum Child Support Amsterdam";"Weteringschans";"124";"1017XT";"Amsterdam";"06 3386 3657";"";"http://www.child-support-europe.com";"child-support@euronet.nl"
"Psychologenpraktijk Staudenmayr";"psychologenpraktijk_staudenmayr";"1";"246";"";"0000-00-00 00:00:00";"Domselaerstraat 30";"1093MA";"";"POINT(4.92676838595457 52.3595577043237)";"";"Amsterdam";"";"";"";"";"";"";"0";"2016-04-22 16:57:13";"2016-04-22 16:57:13";"0000-00-00 00:00:00";"Jeugdhulpverlening";"Psychologenpraktijk Staudenmayr";"Domselaerstraat";"30";"1093MA";"Amsterdam";"020 463 1633";"";"http://www.centrumibt.nl";"gaby.staudenmayr@planet.nl"
"PsychologenpraktijkAmsterdam.nl";"psychologenpraktijkamsterdam_nl";"1";"246";"";"0000-00-00 00:00:00";"Van Breestraat 67";"1071ZG";"";"POINT(4.87537963709081 52.356470599872)";"";"Amsterdam";"";"";"";"";"";"";"0";"2016-04-22 16:57:13";"2016-04-22 16:57:13";"0000-00-00 00:00:00";"Jeugdhulpverlening";"PsychologenpraktijkAmsterdam.nl";"Van Breestraat";"67";"1071ZG";"Amsterdam";"06 2911 3496";"";"http://www.psychologenpraktijkamsterdam.nl";"info@psychologenpraktijkamsterdam.nl"
"Psychologie- en psychotherapiepraktijk Malkus-de Wildt";"psychologie_en_psychotherapiepraktijk_malkus_de_wildt";"1";"246";"";"0000-00-00 00:00:00";"Leidsegracht 41";"1017NB";"";"POINT(4.88417653231371 52.3664667185402)";"";"Amsterdam";"";"";"";"";"";"";"0";"2016-04-22 16:57:13";"2016-04-22 16:57:13";"0000-00-00 00:00:00";"Jeugdhulpverlening";"Psychologie- en psychotherapiepraktijk Malkus-de Wildt";"Leidsegracht";"41";"1017NB";"Amsterdam";"06 3853 3625";"";"";"l.e.w.malkus@gmail.com"
"Psychologie- en psychotherapiepraktijk Schut";"psychologie_en_psychotherapiepraktijk_schut";"1";"246";"";"0000-00-00 00:00:00";"Quinten Massijsstraat 7";"1077MC";"";"POINT(4.8752912442047 52.3475903139047)";"";"Amsterdam";"";"";"";"";"";"";"0";"2016-04-22 16:57:13";"2016-04-22 16:57:13";"0000-00-00 00:00:00";"Jeugdhulpverlening";"Psychologie- en psychotherapiepraktijk Schut";"Quinten Massijsstraat";"7";"1077MC";"Amsterdam";"020 776 2557";"";"";"apschut@planet.nl"
"Psychologie Praktijk Amsterdam";"psychologie_praktijk_amsterdam_1";"1";"246";"";"0000-00-00 00:00:00";"Van Baerlestraat 13";"1071AM";"";"POINT(4.87764709279814 52.3597069824245)";"";"Amsterdam";"";"";"";"";"";"";"0";"2016-04-22 16:57:13";"2016-04-22 16:57:13";"0000-00-00 00:00:00";"Jeugdhulpverlening";"Psychologie Praktijk Amsterdam";"Van Baerlestraat";"13";"1071AM";"Amsterdam";"020 618 4243";"020 616 5851";"http://www.psychologiepraktijkamsterdam.nl";"secretariaatppa@gmail.com"
"Psychologiepraktijk Bosschere";"psychologiepraktijk_bosschere";"1";"246";"";"0000-00-00 00:00:00";"Archimedeslaan 34";"1098PW";"";"POINT(4.94311299516948 52.3545870280283)";"";"Amsterdam";"";"";"";"";"";"";"0";"2016-04-22 16:57:13";"2016-04-22 16:57:13";"0000-00-00 00:00:00";"Jeugdhulpverlening";"Psychologiepraktijk Bosschere";"Archimedeslaan";"34";"1098PW";"Amsterdam";"020 663 2620";"";"http://www.pp-plus.nl";"info@pp-plus.nl"
"Psychologiepraktijk Dokter Bosman";"psychologiepraktijk_dokter_bosman";"1";"246";"";"0000-00-00 00:00:00";"Surinameplein 57";"1058GN";"";"POINT(4.85072191618591 52.3574219719835)";"";"Amsterdam";"";"";"";"";"";"";"0";"2016-04-22 16:57:13";"2016-04-22 16:57:13";"0000-00-00 00:00:00";"Jeugdhulpverlening";"Psychologiepraktijk Dokter Bosman";"Surinameplein";"57";"1058GN";"Amsterdam";"020 820 2660";"";"https://dokterbosman.nl/";"amsterdam@dokterbosman.nl"
"Psychotherapiepraktijk Amsterdam Zuid";"psychotherapiepraktijk_amsterdam_zuid";"1";"246";"";"0000-00-00 00:00:00";"Van Boshuizenstraat 677";"1082AZ";"";"POINT(4.87128965189483 52.3244293851417)";"";"Amsterdam";"";"";"";"";"";"";"0";"2016-04-22 16:57:13";"2016-04-22 16:57:13";"0000-00-00 00:00:00";"Jeugdhulpverlening";"Psychotherapiepraktijk Amsterdam Zuid";"Van Boshuizenstraat";"677";"1082AZ";"Amsterdam";"";"";"http://www.irmaroovers.nl";""
"Psychotherapiepraktijk Boers-Stoll";"psychotherapiepraktijk_boers_stoll";"1";"246";"";"0000-00-00 00:00:00";"Wittgensteinlaan 247";"1062KG";"";"POINT(4.83624148817536 52.3543984813029)";"";"Amsterdam";"";"";"";"";"";"";"0";"2016-04-22 16:57:13";"2016-04-22 16:57:13";"0000-00-00 00:00:00";"Jeugdhulpverlening";"Psychotherapiepraktijk Boers-Stoll";"Wittgensteinlaan";"247";"1062KG";"Amsterdam";"020 408 3282";"";"";"claireboers@hetnet.nl"
"Psychotherapiepraktijk Kiel-Zevering";"psychotherapiepraktijk_kiel_zevering";"1";"246";"";"0000-00-00 00:00:00";"Koningsstraat 44";"1011EW";"";"POINT(4.90195964740118 52.3722427328272)";"";"Amsterdam";"";"";"";"";"";"";"0";"2016-04-22 16:57:13";"2016-04-22 16:57:13";"0000-00-00 00:00:00";"Jeugdhulpverlening";"Psychotherapiepraktijk Kiel-Zevering";"Koningsstraat";"44";"1011EW";"Amsterdam";"06 1341 7473";"";"";""
"Psychotherapiepraktijk Kiel-Zevering";"psychotherapiepraktijk_kiel_zevering_1";"1";"246";"";"0000-00-00 00:00:00";"Pontanusstraat 32";"1093SB";"";"POINT(4.92977456092388 52.3641441012612)";"";"Amsterdam";"";"";"";"";"";"";"0";"2016-04-22 16:57:14";"2016-04-22 16:57:14";"0000-00-00 00:00:00";"Jeugdhulpverlening";"Psychotherapiepraktijk Kiel-Zevering";"Pontanusstraat";"32";"1093SB";"Amsterdam";"06 1341 7473";"";"";""
"Psychotherapiepraktijk Sinteze";"psychotherapiepraktijk_sinteze";"1";"246";"";"0000-00-00 00:00:00";"Cruquiuskade 113";"1018AM";"";"POINT(4.92920995675088 52.367638134004)";"";"Amsterdam";"";"";"";"";"";"";"0";"2016-04-22 16:57:14";"2016-04-22 16:57:14";"0000-00-00 00:00:00";"Jeugdhulpverlening";"Psychotherapiepraktijk Sinteze";"Cruquiuskade";"113";"1018AM";"Amsterdam";"020 760 3696";"";"https://www.sinteze.nl";"praktijk@sinteze.nl"
"Psychotherapiepraktijk Van Santen";"psychotherapiepraktijk_van_santen";"1";"246";"";"0000-00-00 00:00:00";"WG-plein 323";"1054SG";"";"POINT(4.87081081024256 52.3643509844653)";"";"Amsterdam";"";"";"";"";"";"";"0";"2016-04-22 16:57:14";"2016-04-22 16:57:14";"0000-00-00 00:00:00";"Jeugdhulpverlening";"Psychotherapiepraktijk Van Santen";"WG-plein";"323";"1054SG";"Amsterdam";"06 5326 1069";"";"http://www.psychotherapiepraktijk-jetvansanten.nl";"contact@psychotherapiepraktijk-jetvansanten.nl"
"Psychotherapiepraktijk Verbeek";"psychotherapiepraktijk_verbeek";"1";"246";"";"0000-00-00 00:00:00";"Ruysdaelstraat 49";"1071XA";"";"POINT(4.88365835537557 52.3539086470992)";"";"Amsterdam";"";"";"";"";"";"";"0";"2016-04-22 16:57:14";"2016-04-22 16:57:14";"0000-00-00 00:00:00";"Jeugdhulpverlening";"Psychotherapiepraktijk Verbeek";"Ruysdaelstraat";"49";"1071XA";"Amsterdam";"06 1070 7520";"";"http://www.theoverbeek.nl";"info@theoverbeek.nl"
"Psychotherapiepraktijk Verheugt-Pleiter";"psychotherapiepraktijk_verheugt_pleiter";"1";"246";"";"0000-00-00 00:00:00";"Weldam 9";"1081HN";"";"POINT(4.86098648549607 52.3311158773398)";"";"Amsterdam";"";"";"";"";"";"";"0";"2016-04-22 16:57:14";"2016-04-22 16:57:14";"0000-00-00 00:00:00";"Jeugdhulpverlening";"Psychotherapiepraktijk Verheugt-Pleiter";"Weldam";"9";"1081HN";"Amsterdam";"020 471 3630";"";"";""
"Psychotherapiepraktijk Zwarts en Hylkema";"psychotherapiepraktijk_zwarts_en_hylkema";"1";"246";"";"0000-00-00 00:00:00";"Veemarkt 144";"1019DE";"";"POINT(4.93827616885953 52.3684008596218)";"";"Amsterdam";"";"";"";"";"";"";"0";"2016-04-22 16:57:14";"2016-04-22 16:57:14";"0000-00-00 00:00:00";"Jeugdhulpverlening";"Psychotherapiepraktijk Zwarts en Hylkema";"Veemarkt";"144";"1019DE";"Amsterdam";"06 5320 0045";"";"http://www.zwartsenhylkema.nl";"dafnazwarts@gmail.com"
"PuntP Jeugd";"puntp_jeugd";"1";"246";"";"0000-00-00 00:00:00";"Baarsjesweg 224";"1058AA";"";"POINT(4.85828389454875 52.3634058940364)";"";"Amsterdam";"";"";"";"";"";"";"0";"2016-04-22 16:57:14";"2016-04-22 16:57:14";"0000-00-00 00:00:00";"Jeugdhulpverlening";"PuntP Jeugd";"Baarsjesweg";"224";"1058AA";"Amsterdam";"020 590 8720";"";"http://www.puntp.nl";"aanmeldenjeugd@arkin.nl"
"PuntP Jeugd";"puntp_jeugd_1";"1";"246";"";"0000-00-00 00:00:00";"Lucien Gaudinstraat 328";"1034WB";"";"POINT(4.91921633711521 52.4047091402774)";"";"Amsterdam";"";"";"";"";"";"";"0";"2016-04-22 16:57:14";"2016-04-22 16:57:14";"0000-00-00 00:00:00";"Jeugdhulpverlening";"PuntP Jeugd";"Lucien Gaudinstraat";"328";"1034WB";"Amsterdam";"020 590 8720";"";"http://www.puntp.nl";"aanmeldenjeugd@arkin.nl"
"PuntP Jeugd";"puntp_jeugd_2";"1";"246";"";"0000-00-00 00:00:00";"Wisselwerking 46";"1112XR";"";"POINT(4.94934999422007 52.3268138041814)";"";"Diemen";"";"";"";"";"";"";"0";"2016-04-22 16:57:14";"2016-04-22 16:57:14";"0000-00-00 00:00:00";"Jeugdhulpverlening";"PuntP Jeugd";"Wisselwerking";"46";"1112XR";"Diemen";"020 590 8720";"";"http://www.puntp.nl";"aanmeldenjeugd@arkin.nl"
"Raad voor de Kinderbescherming Amsterdam";"raad_voor_de_kinderbescherming_amsterdam";"1";"246";"";"0000-00-00 00:00:00";"IJsbaanpad 2";"1076CV";"";"POINT(4.85653556101933 52.341413989856)";"";"Amsterdam";"";"";"";"";"";"";"0";"2016-04-22 16:57:14";"2016-04-22 16:57:14";"0000-00-00 00:00:00";"Jeugdhulpverlening";"Raad voor de Kinderbescherming Amsterdam";"IJsbaanpad";"2";"1076CV";"Amsterdam";"020 889 3400";"";"http://www.kinderbescherming.nl";"amsterdam@rvdk.minvenj.nl"
"Raeger Autismecentrum, begeleidingscentrum voor kinderen";"raeger_autismecentrum_begeleidingscentrum_voor_kinderen";"1";"246";"";"0000-00-00 00:00:00";"Albardagracht 1";"1063NN";"";"POINT(4.81300375375076 52.3806221994488)";"";"Amsterdam";"";"";"";"";"";"";"0";"2016-04-22 16:57:14";"2016-04-22 16:57:14";"0000-00-00 00:00:00";"Jeugdhulpverlening";"Raeger Autismecentrum, begeleidingscentrum voor kinderen";"Albardagracht";"1";"1063NN";"Amsterdam";"020 416 6469";"";"http://www.raeger.nl";"info@raeger.nl"
"Raeger Autismecentrum, begeleidingscentrum voor kinderen";"raeger_autismecentrum_begeleidingscentrum_voor_kinderen_1";"1";"246";"";"0000-00-00 00:00:00";"Ed Pelsterpark 14";"1087EJ";"";"POINT(4.99652056425862 52.3570582056415)";"";"Amsterdam";"";"";"";"";"";"";"0";"2016-04-22 16:57:14";"2016-04-22 16:57:14";"0000-00-00 00:00:00";"Jeugdhulpverlening";"Raeger Autismecentrum, begeleidingscentrum voor kinderen";"Ed Pelsterpark";"14";"1087EJ";"Amsterdam";"020 416 6469";"";"http://www.raeger.nl";"info@raeger.nl"
"Raeger Autismecentrum, begeleidingscentrum voor kinderen";"raeger_autismecentrum_begeleidingscentrum_voor_kinderen_2";"1";"246";"";"0000-00-00 00:00:00";"Kopjachtplein 20";"1034JG";"";"POINT(4.91641598779449 52.4057774510004)";"";"Amsterdam";"";"";"";"";"";"";"0";"2016-04-22 16:57:15";"2016-04-22 16:57:15";"0000-00-00 00:00:00";"Jeugdhulpverlening";"Raeger Autismecentrum, begeleidingscentrum voor kinderen";"Kopjachtplein";"20";"1034JG";"Amsterdam";"020 416 6469";"";"http://www.raeger.nl";"info@raeger.nl"
"School voor speciaal onderwijs De Pionier";"school_voor_speciaal_onderwijs_de_pionier";"1";"246";"";"0000-00-00 00:00:00";"Rijksstraatweg 145";"1115AP";"";"POINT(4.8429568150687 52.3502142812522)";"";"Amsterdam";"";"";"";"";"";"";"0";"2016-04-22 16:57:15";"2016-04-22 16:57:15";"0000-00-00 00:00:00";"Jeugdhulpverlening";"School voor speciaal onderwijs De Pionier";"Rijksstraatweg";"145";"1115AP";"Amsterdam";"020 890 1900";"";"http://www.depionier.info";"info@debascule.com"
"Sensa Zorg";"sensa_zorg_15";"1";"246";"";"0000-00-00 00:00:00";"Baden Powellweg 305";"1069LH";"";"POINT(4.79520023187911 52.3489154962286)";"";"Amsterdam";"";"";"";"";"";"";"0";"2016-04-22 16:57:15";"2016-04-22 16:57:15";"0000-00-00 00:00:00";"Jeugdhulpverlening";"Sensa Zorg";"Baden Powellweg";"305";"1069LH";"Amsterdam";"085 273 3263";"023 737 0331";"http://www.sensazorg.nl";"info@sensazorg.nl"
"Speltherapie Amsterdam";"speltherapie_amsterdam";"1";"246";"";"0000-00-00 00:00:00";"Meeuwenlaan 45";"1021HS";"";"POINT(4.91378728406808 52.3833149195492)";"";"Amsterdam";"";"";"";"";"";"";"0";"2016-04-22 16:57:15";"2016-04-22 16:57:15";"0000-00-00 00:00:00";"Jeugdhulpverlening";"Speltherapie Amsterdam";"Meeuwenlaan";"45";"1021HS";"Amsterdam";"06 2287 9636";"";"http://www.speltherapie-amsterdam.nl";"maartjevdnberg@gmail.com"
"Spirit Jeugd & Opvoedhulp";"spirit_jeugd_opvoedhulp_1";"1";"246";"";"0000-00-00 00:00:00";"Fred. Roeskestraat 73";"1076EC";"";"POINT(4.86584184990484 52.3411677452672)";"";"Amsterdam";"";"";"";"";"";"";"0";"2016-04-22 16:57:15";"2016-04-22 16:57:15";"0000-00-00 00:00:00";"Jeugdhulpverlening";"Spirit Jeugd & Opvoedhulp";"Fred. Roeskestraat";"73";"1076EC";"Amsterdam";"020 540 0500";"";"http://www.spirit.nl";"info@spirit.nl"
"Stichting Centrum '45, locatie Diemen";"stichting_centrum_45_locatie_diemen";"1";"246";"";"0000-00-00 00:00:00";"Nienoord 5";"1112XE";"";"POINT(4.96430584097491 52.3278510661998)";"";"Diemen";"";"";"";"";"";"";"0";"2016-04-22 16:57:15";"2016-04-22 16:57:15";"0000-00-00 00:00:00";"Jeugdhulpverlening";"Stichting Centrum '45, locatie Diemen";"Nienoord";"5";"1112XE";"Diemen";"020 627 4974";"";"http://www.centrum45.nl";"mail@centrum45.nl"
"Stichting Dysphatische Ontwikkeling";"stichting_dysphatische_ontwikkeling_1";"1";"246";"";"0000-00-00 00:00:00";"WG-plein 316";"1054SG";"";"POINT(4.87079623388927 52.3643419331471)";"";"Amsterdam";"";"";"";"";"";"";"0";"2016-04-22 16:57:15";"2016-04-22 16:57:15";"0000-00-00 00:00:00";"Jeugdhulpverlening";"Stichting Dysphatische Ontwikkeling";"WG-plein";"316";"1054SG";"Amsterdam";"020 679 1758";"";"http://www.dysphasia.org";"info@dysphasia.org"
"Stichting Streetcornerwork Amsterdam";"stichting_streetcornerwork_amsterdam_1";"1";"246";"";"0000-00-00 00:00:00";"Herengracht 352";"1016CG";"";"POINT(4.88639513387154 52.3689297721381)";"";"Amsterdam";"";"";"";"";"";"";"0";"2016-04-22 16:57:15";"2016-04-22 16:57:15";"0000-00-00 00:00:00";"Jeugdhulpverlening";"Stichting Streetcornerwork Amsterdam";"Herengracht";"352";"1016CG";"Amsterdam";"020 623 9767";"";"http://www.streetcornerwork.eu";"info@streetcornerwork.eu"
"Streetcornerwork Team Centrum";"streetcornerwork_team_centrum_1";"1";"246";"";"0000-00-00 00:00:00";"Nieuwezijds Voorburgwal 38";"1012SB";"";"POINT(4.89410413753967 52.3768263734079)";"";"Amsterdam";"";"";"";"";"";"";"0";"2016-04-22 16:57:15";"2016-04-22 16:57:15";"0000-00-00 00:00:00";"Jeugdhulpverlening";"Streetcornerwork Team Centrum";"Nieuwezijds Voorburgwal";"38";"1012SB";"Amsterdam";"020 627 0144";"";"http://www.streetcornerwork.eu";""
"Streetcornerwork Team Nieuw-West";"streetcornerwork_team_nieuw_west";"1";"246";"";"0000-00-00 00:00:00";"Johan Huizingalaan 124";"1065JE";"";"POINT(4.82677394808816 52.3602050778396)";"";"Amsterdam";"";"";"";"";"";"";"0";"2016-04-22 16:57:16";"2016-04-22 16:57:16";"0000-00-00 00:00:00";"Jeugdhulpverlening";"Streetcornerwork Team Nieuw-West";"Johan Huizingalaan";"124";"1065JE";"Amsterdam";"020 610 0580";"";"http://www.streetcornerwork.eu";""
"Streetcornerwork Team Noord";"streetcornerwork_team_noord";"1";"246";"";"0000-00-00 00:00:00";"Pinksterbloemstraat 1";"1032GH";"";"POINT(4.91277146545681 52.3986348213406)";"";"Amsterdam";"";"";"";"";"";"";"0";"2016-04-22 16:57:16";"2016-04-22 16:57:16";"0000-00-00 00:00:00";"Jeugdhulpverlening";"Streetcornerwork Team Noord";"Pinksterbloemstraat";"1";"1032GH";"Amsterdam";"020 494 5890";"";"http://www.streetcornerwork.eu";""
"Streetcornerwork Team Oost";"streetcornerwork_team_oost";"1";"246";"";"0000-00-00 00:00:00";"Oosterspoorplein 4";"1093JW";"";"POINT(4.93094630858948 52.3601311179129)";"";"Amsterdam";"";"";"";"";"";"";"0";"2016-04-22 16:57:16";"2016-04-22 16:57:16";"0000-00-00 00:00:00";"Jeugdhulpverlening";"Streetcornerwork Team Oost";"Oosterspoorplein";"4";"1093JW";"Amsterdam";"020 463 2088";"020 463 4181";"http://streetcornerwork.eu";""
"Streetcornerwork Team West";"streetcornerwork_team_west";"1";"246";"";"0000-00-00 00:00:00";"Admiraal De Ruijterweg 344";"1055MZ";"";"POINT(4.85400295574691 52.381227341403)";"";"Amsterdam";"";"";"";"";"";"";"0";"2016-04-22 16:57:16";"2016-04-22 16:57:16";"0000-00-00 00:00:00";"Jeugdhulpverlening";"Streetcornerwork Team West";"Admiraal De Ruijterweg";"344";"1055MZ";"Amsterdam";"020 616 5229";"";"http://www.streetcornerwork.eu";""
"Streetcornerwork Team West";"streetcornerwork_team_west_1";"1";"246";"";"0000-00-00 00:00:00";"Witte de Withstraat 26";"1057XX";"";"POINT(4.85956364302958 52.3656675285056)";"";"Amsterdam";"";"";"";"";"";"";"0";"2016-04-22 16:57:16";"2016-04-22 16:57:16";"0000-00-00 00:00:00";"Jeugdhulpverlening";"Streetcornerwork Team West";"Witte de Withstraat";"26";"1057XX";"Amsterdam";"020 616 5229";"";"http://www.streetcornerwork.eu";""
"Streetcornerwork Team Zuid";"streetcornerwork_team_zuid";"1";"246";"";"0000-00-00 00:00:00";"Karel du Jardinstraat 52";"1073TC";"";"POINT(4.89576693743532 52.3513441041336)";"";"Amsterdam";"";"";"";"";"";"";"0";"2016-04-22 16:57:16";"2016-04-22 16:57:16";"0000-00-00 00:00:00";"Jeugdhulpverlening";"Streetcornerwork Team Zuid";"Karel du Jardinstraat";"52";"1073TC";"Amsterdam";"020 470 9435";"";"http://www.streetcornerwork.eu";""
"Streetcornerwork Team Zuid";"streetcornerwork_team_zuid_1";"1";"246";"";"0000-00-00 00:00:00";"Sint Willibrordusdwarsstraat 6";"1074XG";"";"POINT(4.90415537766939 52.3546861217688)";"";"Amsterdam";"";"";"";"";"";"";"0";"2016-04-22 16:57:16";"2016-04-22 16:57:16";"0000-00-00 00:00:00";"Jeugdhulpverlening";"Streetcornerwork Team Zuid";"Sint Willibrordusdwarsstraat";"6";"1074XG";"Amsterdam";"020 470 9435";"";"http://www.streetcornerwork.eu";""
"Streetcornerwork Team Zuidoost";"streetcornerwork_team_zuidoost";"1";"246";"";"0000-00-00 00:00:00";"Krimpertplein 3";"1104PH";"";"POINT(4.96934494938045 52.3169879762254)";"";"Amsterdam";"";"";"";"";"";"";"0";"2016-04-22 16:57:16";"2016-04-22 16:57:16";"0000-00-00 00:00:00";"Jeugdhulpverlening";"Streetcornerwork Team Zuidoost";"Krimpertplein";"3";"1104PH";"Amsterdam";"020 416 7500";"020 699 7852";"http://www.streetcornerwork.eu";"info@streetcornerwork.eu"
"Therapiepraktijk Barendse";"therapiepraktijk_barendse";"1";"246";"";"0000-00-00 00:00:00";"Ruysdaelstraat 49";"1071XA";"";"POINT(4.88365835537557 52.3539086470992)";"";"Amsterdam";"";"";"";"";"";"";"0";"2016-04-22 16:57:16";"2016-04-22 16:57:16";"0000-00-00 00:00:00";"Jeugdhulpverlening";"Therapiepraktijk Barendse";"Ruysdaelstraat";"49";"1071XA";"Amsterdam";"06 4031 3160";"";"http://www.barendsepsycholoog.com";"a.m.g.barendse@gmail.com"
"Therapiepraktijk Barendse";"therapiepraktijk_barendse_1";"1";"246";"";"0000-00-00 00:00:00";"Vondelstraat 100";"1054GP";"";"POINT(4.87435197385002 52.3615622033425)";"";"Amsterdam";"";"";"";"";"";"";"0";"2016-04-22 16:57:16";"2016-04-22 16:57:16";"0000-00-00 00:00:00";"Jeugdhulpverlening";"Therapiepraktijk Barendse";"Vondelstraat";"100";"1054GP";"Amsterdam";"06 4031 3160";"";"http://www.barendsepsycholoog.com";"a.m.g.barendse@gmail.com"
"Totally Teen coaching";"totally_teen_coaching";"1";"246";"";"0000-00-00 00:00:00";"Stadionweg 269";"1076NZ";"";"POINT(4.85916452909855 52.3449219967049)";"";"Amsterdam";"";"";"";"";"";"";"0";"2016-04-22 16:57:17";"2016-04-22 16:57:17";"0000-00-00 00:00:00";"Jeugdhulpverlening";"Totally Teen coaching";"Stadionweg";"269";"1076NZ";"Amsterdam";"020 672 3123";"";"http://www.totallyteen.nl";"famke@totallyteen.nl"
"Transform Counselling";"transform_counselling";"1";"246";"";"0000-00-00 00:00:00";"Banne Buikslootlaan 63";"1034AA";"";"POINT(4.91256987341115 52.4078553336857)";"";"Amsterdam";"";"";"";"";"";"";"0";"2016-04-22 16:57:17";"2016-04-22 16:57:17";"0000-00-00 00:00:00";"Jeugdhulpverlening";"Transform Counselling";"Banne Buikslootlaan";"63";"1034AA";"Amsterdam";"06 5517 7943";"";"http://www.transform-counselling.nl";"riek@transform-counselling.nl"
"Triversum";"triversum";"1";"246";"";"0000-00-00 00:00:00";"Kees Boekestraat 5";"1817EZ";"";"POINT(4.96481409407435 52.372244476535)";"";"Amsterdam";"";"";"";"";"";"";"0";"2016-04-22 16:57:17";"2016-04-22 16:57:17";"0000-00-00 00:00:00";"Jeugdhulpverlening";"Triversum";"Kees Boekestraat";"5";"1817EZ";"Amsterdam";"072 514 0400";"";"http://www.triversum.nl";""
"UvA Minds";"uva_minds";"1";"246";"";"0000-00-00 00:00:00";"Plantage Muidergracht 14";"1018TV";"";"POINT(4.91314936271487 52.3646718887724)";"";"Amsterdam";"";"";"";"";"";"";"0";"2016-04-22 16:57:17";"2016-04-22 16:57:17";"0000-00-00 00:00:00";"Jeugdhulpverlening";"UvA Minds";"Plantage Muidergracht";"14";"1018TV";"Amsterdam";"020 525 1441";"020 525 8640";"http://www.uvaminds.nl";""
"Vangnet MGGZ (GGD)";"vangnet_mggz_ggd";"1";"246";"";"0000-00-00 00:00:00";"Nieuwe Achtergracht 100";"1018WT";"";"POINT(4.90900287705508 52.3625251245642)";"";"Amsterdam";"";"";"";"";"";"";"0";"2016-04-22 16:57:17";"2016-04-22 16:57:17";"0000-00-00 00:00:00";"Jeugdhulpverlening";"Vangnet MGGZ (GGD)";"Nieuwe Achtergracht";"100";"1018WT";"Amsterdam";"020 555 5462";"";"http://www.ggd.amsterdam.nl";"vangnet@ggd.amsterdam.nl"
"Veiligheidshuis Amsterdam-Amstelland";"veiligheidshuis_amsterdam_amstelland";"1";"246";"";"0000-00-00 00:00:00";"Wibautstraat 6";"1091GM";"";"POINT(4.90924183763334 52.3580591917824)";"";"Amsterdam";"";"";"";"";"";"";"0";"2016-04-22 16:57:17";"2016-04-22 16:57:17";"0000-00-00 00:00:00";"Jeugdhulpverlening";"Veiligheidshuis Amsterdam-Amstelland";"Wibautstraat";"6";"1091GM";"Amsterdam";"020 595 0750";"";"http://www.amsterdam.nl/gemeente/organisatie-diensten/veiligheidshuis";""
"Virenze";"virenze_1";"1";"246";"";"0000-00-00 00:00:00";"Westzijde 33";"1506EB";"";"POINT(4.90616526776103 52.3588466377591)";"";"Amsterdam";"";"";"";"";"";"";"0";"2016-04-22 16:57:17";"2016-04-22 16:57:17";"0000-00-00 00:00:00";"Jeugdhulpverlening";"Virenze";"Westzijde";"33";"1506EB";"Amsterdam";"075 760 0008";"075 760 0009";"http://www.virenze.nl/";""
"VTO-Vroeghulp";"vto_vroeghulp_3";"1";"246";"";"0000-00-00 00:00:00";"Nieuwe Achtergracht 100";"1018WT";"";"POINT(4.90900287705508 52.3625251245642)";"";"Amsterdam";"";"";"";"";"";"";"0";"2016-04-22 16:57:17";"2016-04-22 16:57:17";"0000-00-00 00:00:00";"Jeugdhulpverlening";"VTO-Vroeghulp";"Nieuwe Achtergracht";"100";"1018WT";"Amsterdam";"020 555 5244";"020 555 5570";"http://www.vtovroeghulp.nl";"info@vtovroeghulp.nl"
"William Schrikker Groep";"william_schrikker_groep_8";"1";"246";"";"0000-00-00 00:00:00";"Bijlmerdreef 101";"1102BP";"";"POINT(4.95040664976164 52.3144659074043)";"";"Amsterdam";"";"";"";"";"";"";"0";"2016-04-22 16:57:17";"2016-04-22 16:57:17";"0000-00-00 00:00:00";"Jeugdhulpverlening";"William Schrikker Groep";"Bijlmerdreef";"101";"1102BP";"Amsterdam";"088 526 0000";"088 526 0001";"http://www.williamschrikkergroep.nu";"info@wsg.nu"
"Woonvoorziening Alexanderkade";"woonvoorziening_alexanderkade";"1";"246";"";"0000-00-00 00:00:00";"Alexanderkade 64";"1018ZC";"";"POINT(4.921756668878 52.3643105810002)";"";"Amsterdam";"";"";"";"";"";"";"0";"2016-04-22 16:57:17";"2016-04-22 16:57:17";"0000-00-00 00:00:00";"Jeugdhulpverlening";"Woonvoorziening Alexanderkade";"Alexanderkade";"64";"1018ZC";"Amsterdam";"020 219 5130";"";"http://www.hvoquerido.nl";"alexanderkade@hvoquerido.nl"
